Date,Volume
2013-09-17,45930000
2013-09-18,58928000
2013-09-19,47018000
2013-09-20,106046000
2013-09-23,37698000
2013-09-24,40672000
2013-09-25,40172000
2013-09-26,39798000
2013-09-27,33150000
2013-09-30,32472000
2013-10-01,47928000
2013-10-02,44348000
2013-10-03,53496000
2013-10-04,36300000
2013-10-07,41664000
2013-10-08,63324000
2013-10-09,64948000
2013-10-10,51102000
2013-10-11,43262000
2013-10-14,38782000
2013-10-15,45222000
2013-10-16,43414000
2013-10-17,52968000
2013-10-18,119396000
2013-10-21,50446000
2013-10-22,78710000
2013-10-23,56364000
2013-10-24,117694000
2013-10-25,240736000
2013-10-28,72716000
2013-10-29,43708000
2013-10-30,90044000
2013-10-31,49336000
2013-11-01,66620000
2013-11-04,38768000
2013-11-05,40142000
2013-11-06,45646000
2013-11-07,84926000
2013-11-08,53138000
2013-11-11,45234000
2013-11-12,46862000
2013-11-13,55466000
2013-11-14,83196000
2013-11-15,89832000
2013-11-18,54748000
2013-11-19,38096000
2013-11-20,35430000
2013-11-21,39292000
2013-11-22,59310000
2013-11-25,59446000
2013-11-26,54488000
2013-11-27,45394000
2013-11-29,48120000
2013-12-02,94280000
2013-12-03,74058000
2013-12-04,47106000
2013-12-05,38130000
2013-12-06,39694000
2013-12-09,55236000
2013-12-10,54736000
2013-12-11,49026000
2013-12-12,42474000
2013-12-13,60500000
2013-12-16,45034000
2013-12-17,46878000
2013-12-18,69782000
2013-12-19,48544000
2013-12-20,100678000
2013-12-23,53190000
2013-12-24,27608000
2013-12-26,37370000
2013-12-27,39738000
2013-12-30,49742000
2013-12-31,39930000
2014-01-02,42756000
2014-01-03,44204000
2014-01-06,63412000
2014-01-07,38320000
2014-01-08,46330000
2014-01-09,42060000
2014-01-10,53590000
2014-01-13,56898000
2014-01-14,46802000
2014-01-15,53566000
2014-01-16,52024000
2014-01-17,90102000
2014-01-21,62442000
2014-01-22,41210000
2014-01-23,60508000
2014-01-24,89168000
2014-01-27,78736000
2014-01-28,57890000
2014-01-29,67646000
2014-01-30,209478000
2014-01-31,323096000
2014-02-03,205616000
2014-02-04,96258000
2014-02-05,88708000
2014-02-06,66714000
2014-02-07,86610000
2014-02-10,68994000
2014-02-11,64442000
2014-02-12,131754000
2014-02-13,83500000
2014-02-14,70404000
2014-02-18,99960000
2014-02-19,83362000
2014-02-20,69856000
2014-02-21,84200000
2014-02-24,72894000
2014-02-25,74728000
2014-02-26,72442000
2014-02-27,62098000
2014-02-28,77640000
2014-03-03,55966000
2014-03-04,54088000
2014-03-05,76966000
2014-03-06,58532000
2014-03-07,45596000
2014-03-10,42116000
2014-03-11,44922000
2014-03-12,44332000
2014-03-13,136580000
2014-03-14,88044000
2014-03-17,46060000
2014-03-18,49670000
2014-03-19,52934000
2014-03-20,51170000
2014-03-21,108282000
2014-03-24,97470000
2014-03-25,88914000
2014-03-26,82414000
2014-03-27,115328000
2014-03-28,79736000
2014-03-31,85950000
2014-04-01,72002000
2014-04-02,89510000
2014-04-03,127986000
2014-04-04,250692000
2014-04-07,141548000
2014-04-08,131552000
2014-04-09,101132000
2014-04-10,122534000
2014-04-11,145750000
2014-04-14,85870000
2014-04-15,107972000
2014-04-16,85698000
2014-04-17,85984000
2014-04-21,59988000
2014-04-22,74232000
2014-04-23,72092000
2014-04-24,185874000
2014-04-25,323604000
2014-04-28,289596000
2014-04-29,130186000
2014-04-30,81772000
2014-05-01,86572000
2014-05-02,79902000
2014-05-05,50398000
2014-05-06,93646000
2014-05-07,140304000
2014-05-08,76964000
2014-05-09,81260000
2014-05-12,74592000
2014-05-13,70198000
2014-05-14,66466000
2014-05-15,85902000
2014-05-16,72736000
2014-05-19,45684000
2014-05-20,81914000
2014-05-21,68176000
2014-05-22,51536000
2014-05-23,61058000
2014-05-27,97242000
2014-05-28,54520000
2014-05-29,47310000
2014-05-30,85204000
2014-06-02,44068000
2014-06-03,47584000
2014-06-04,42142000
2014-06-05,155934000
2014-06-06,104880000
2014-06-09,64244000
2014-06-10,73268000
2014-06-11,88736000
2014-06-12,85526000
2014-06-13,55296000
2014-06-16,48996000
2014-06-17,58482000
2014-06-18,128030000
2014-06-19,106412000
2014-06-20,121080000
2014-06-23,52096000
2014-06-24,52532000
2014-06-25,46556000
2014-06-26,53990000
2014-06-27,48324000
2014-06-30,53426000
2014-07-01,63472000
2014-07-02,53626000
2014-07-03,38886000
2014-07-07,42578000
2014-07-08,85432000
2014-07-09,63322000
2014-07-10,53300000
2014-07-11,166016000
2014-07-14,112198000
2014-07-15,83418000
2014-07-16,70072000
2014-07-17,72720000
2014-07-18,68148000
2014-07-21,45568000
2014-07-22,57778000
2014-07-23,53746000
2014-07-24,141774000
2014-07-25,356930000
2014-07-28,118640000
2014-07-29,57676000
2014-07-30,79380000
2014-07-31,103840000
2014-08-01,148830000
2014-08-04,84018000
2014-08-05,57042000
2014-08-06,45938000
2014-08-07,58712000
2014-08-08,54118000
2014-08-11,49372000
2014-08-12,38316000
2014-08-13,98782000
2014-08-14,68408000
2014-08-15,77934000
2014-08-18,49708000
2014-08-19,34276000
2014-08-20,36210000
2014-08-21,39422000
2014-08-22,44224000
2014-08-25,39154000
2014-08-26,73094000
2014-08-27,59232000
2014-08-28,45054000
2014-08-29,38790000
2014-09-02,46520000
2014-09-03,39874000
2014-09-04,79312000
2014-09-05,42140000
2014-09-08,59106000
2014-09-09,92936000
2014-09-10,75948000
2014-09-11,54404000
2014-09-12,68586000
2014-09-15,80008000
2014-09-16,65198000
2014-09-17,82720000
2014-09-18,51538000
2014-09-19,137724000
2014-09-22,62194000
2014-09-23,47052000
2014-09-24,52844000
2014-09-25,58576000
2014-09-26,72760000
2014-09-29,38492000
2014-09-30,52724000
2014-10-01,61782000
2014-10-02,71078000
2014-10-03,60748000
2014-10-06,45806000
2014-10-07,47308000
2014-10-08,69056000
2014-10-09,71758000
2014-10-10,73638000
2014-10-13,87278000
2014-10-14,67716000
2014-10-15,106878000
2014-10-16,94626000
2014-10-17,88102000
2014-10-20,64690000
2014-10-21,71186000
2014-10-22,62518000
2014-10-23,180764000
2014-10-24,396022000
2014-10-27,119012000
2014-10-28,111452000
2014-10-29,97638000
2014-10-30,81104000
2014-10-31,91014000
2014-11-03,64850000
2014-11-04,68548000
2014-11-05,93490000
2014-11-06,75162000
2014-11-07,52948000
2014-11-10,56182000
2014-11-11,76072000
2014-11-12,43660000
2014-11-13,73728000
2014-11-14,177556000
2014-11-17,95698000
2014-11-18,70990000
2014-11-19,65632000
2014-11-20,68734000
2014-11-21,89332000
2014-11-24,55084000
2014-11-25,51300000
2014-11-26,39672000
2014-11-28,61036000
2014-12-01,98898000
2014-12-02,55806000
2014-12-03,113620000
2014-12-04,65806000
2014-12-05,65304000
2014-12-08,72784000
2014-12-09,80990000
2014-12-10,64918000
2014-12-11,65258000
2014-12-12,63070000
2014-12-15,76832000
2014-12-16,130026000
2014-12-17,88670000
2014-12-18,154762000
2014-12-19,174182000
2014-12-22,80076000
2014-12-23,54274000
2014-12-24,30276000
2014-12-26,57876000
2014-12-29,60180000
2014-12-30,41860000
2014-12-31,40960000
2015-01-02,55664000
2015-01-05,55484000
2015-01-06,70380000
2015-01-07,52806000
2015-01-08,61768000
2015-01-09,51848000
2015-01-12,68428000
2015-01-13,82728000
2015-01-14,110774000
2015-01-15,88384000
2015-01-16,69564000
2015-01-20,61502000
2015-01-21,201302000
2015-01-22,107252000
2015-01-23,89928000
2015-01-26,63394000
2015-01-27,58406000
2015-01-28,61276000
2015-01-29,173132000
2015-01-30,477122000
2015-02-02,204638000
2015-02-03,124252000
2015-02-04,83398000
2015-02-05,144952000
2015-02-06,77848000
2015-02-09,54492000
2015-02-10,45744000
2015-02-11,55730000
2015-02-12,55822000
2015-02-13,69502000
2015-02-17,73464000
2015-02-18,53012000
2015-02-19,59076000
2015-02-20,65160000
2015-02-23,43540000
2015-02-24,38416000
2015-02-25,63490000
2015-02-26,53742000
2015-02-27,50646000
2015-03-02,42784000
2015-03-03,38930000
2015-03-04,45182000
2015-03-05,53870000
2015-03-06,52540000
2015-03-09,46228000
2015-03-10,62420000
2015-03-11,49902000
2015-03-12,56200000
2015-03-13,52234000
2015-03-16,47082000
2015-03-17,40740000
2015-03-18,53082000
2015-03-19,38314000
2015-03-20,75272000
2015-03-23,44786000
2015-03-24,44564000
2015-03-25,68590000
2015-03-26,58600000
2015-03-27,52196000
2015-03-30,36418000
2015-03-31,50122000
2015-04-01,49162000
2015-04-02,37506000
2015-04-06,61014000
2015-04-07,39098000
2015-04-08,52728000
2015-04-09,47846000
2015-04-10,51470000
2015-04-13,37890000
2015-04-14,51672000
2015-04-15,38664000
2015-04-16,41608000
2015-04-17,76794000
2015-04-20,100322000
2015-04-21,92870000
2015-04-22,69494000
2015-04-23,159600000
2015-04-24,343538000
2015-04-27,108618000
2015-04-28,82810000
2015-04-29,72434000
2015-04-30,72958000
2015-05-01,71316000
2015-05-04,45408000
2015-05-05,57128000
2015-05-06,51050000
2015-05-07,55322000
2015-05-08,58176000
2015-05-11,47874000
2015-05-12,38956000
2015-05-13,39926000
2015-05-14,37770000
2015-05-15,84806000
2015-05-18,47804000
2015-05-19,49284000
2015-05-20,43924000
2015-05-21,82428000
2015-05-22,40412000
2015-05-26,44884000
2015-05-27,44622000
2015-05-28,38248000
2015-05-29,60322000
2015-06-01,45066000
2015-06-02,33378000
2015-06-03,54558000
2015-06-04,50216000
2015-06-05,38158000
2015-06-08,43450000
2015-06-09,45774000
2015-06-10,43446000
2015-06-11,58450000
2015-06-12,41088000
2015-06-15,41020000
2015-06-16,45928000
2015-06-17,43718000
2015-06-18,67568000
2015-06-19,89902000
2015-06-22,36472000
2015-06-23,64900000
2015-06-24,52416000
2015-06-25,44750000
2015-06-26,52490000
2015-06-29,55064000
2015-06-30,51938000
2015-07-01,39742000
2015-07-02,26868000
2015-07-06,38064000
2015-07-07,69084000
2015-07-08,47662000
2015-07-09,45428000
2015-07-10,48020000
2015-07-13,79136000
2015-07-14,94724000
2015-07-15,59748000
2015-07-16,81912000
2015-07-17,98644000
2015-07-20,95050000
2015-07-21,63636000
2015-07-22,62298000
2015-07-23,187488000
2015-07-24,438188000
2015-07-27,149820000
2015-07-28,105462000
2015-07-29,75052000
2015-07-30,74862000
2015-07-31,60512000
2015-08-03,60284000
2015-08-04,58692000
2015-08-05,57788000
2015-08-06,76410000
2015-08-07,79384000
2015-08-10,52318000
2015-08-11,53532000
2015-08-12,79246000
2015-08-13,57904000
2015-08-14,39896000
2015-08-17,51634000
2015-08-18,41426000
2015-08-19,46480000
2015-08-20,88160000
2015-08-21,134130000
2015-08-24,201952000
2015-08-25,113586000
2015-08-26,127172000
2015-08-27,122290000
2015-08-28,54934000
2015-08-31,60046000
2015-09-01,77290000
2015-09-02,74142000
2015-09-03,62994000
2015-09-04,53850000
2015-09-08,76214000
2015-09-09,87414000
2015-09-10,51520000
2015-09-11,64558000
2015-09-14,62604000
2015-09-15,57318000
2015-09-16,45056000
2015-09-17,83390000
2015-09-18,123202000
2015-09-21,65666000
2015-09-22,76834000
2015-09-23,44752000
2015-09-24,70020000
2015-09-25,80620000
2015-09-28,108690000
2015-09-29,89150000
2015-09-30,80094000
2015-10-01,75370000
2015-10-02,91956000
2015-10-05,67828000
2015-10-06,90056000
2015-10-07,76242000
2015-10-08,93528000
2015-10-09,70748000
2015-10-12,55522000
2015-10-13,58760000
2015-10-14,71642000
2015-10-15,98740000
2015-10-16,86316000
2015-10-19,87508000
2015-10-20,86924000
2015-10-21,66872000
2015-10-22,155588000
2015-10-23,213854000
2015-10-26,85394000
2015-10-27,75742000
2015-10-28,78524000
2015-10-29,77920000
2015-10-30,77488000
2015-11-02,56330000
2015-11-03,64938000
2015-11-04,96810000
2015-11-05,94476000
2015-11-06,81844000
2015-11-09,80976000
2015-11-10,69790000
2015-11-11,107746000
2015-11-12,85694000
2015-11-13,125222000
2015-11-16,148718000
2015-11-17,86404000
2015-11-18,89396000
2015-11-19,94104000
2015-11-20,77922000
2015-11-23,87702000
2015-11-24,90868000
2015-11-25,53958000
2015-11-27,39336000
2015-11-30,113864000
2015-12-01,95024000
2015-12-02,85470000
2015-12-03,101294000
2015-12-04,90696000
2015-12-07,74656000
2015-12-08,73038000
2015-12-09,103164000
2015-12-10,69110000
2015-12-11,109488000
2015-12-14,86594000
2015-12-15,95068000
2015-12-16,79290000
2015-12-17,73632000
2015-12-18,136826000
2015-12-21,65018000
2015-12-22,53356000
2015-12-23,54458000
2015-12-24,21824000
2015-12-28,75672000
2015-12-29,114700000
2015-12-30,70380000
2015-12-31,74992000
2016-01-04,186290000
2016-01-05,116452000
2016-01-06,106584000
2016-01-07,141498000
2016-01-08,110258000
2016-01-11,97832000
2016-01-12,94482000
2016-01-13,153104000
2016-01-14,144760000
2016-01-15,155690000
2016-01-19,96144000
2016-01-20,159328000
2016-01-21,99044000
2016-01-22,102402000
2016-01-25,87922000
2016-01-26,75314000
2016-01-27,103058000
2016-01-28,280304000
2016-01-29,293552000
2016-02-01,127102000
2016-02-02,126240000
2016-02-03,200974000
2016-02-04,123982000
2016-02-05,194178000
2016-02-08,196510000
2016-02-09,141558000
2016-02-10,135724000
2016-02-11,147948000
2016-02-12,107696000
2016-02-16,102370000
2016-02-17,96480000
2016-02-18,94700000
2016-02-19,99494000
2016-02-22,111332000
2016-02-23,81016000
2016-02-24,124634000
2016-02-25,90510000
2016-02-26,97540000
2016-02-29,82908000
2016-03-01,100770000
2016-03-02,91644000
2016-03-03,54826000
2016-03-04,68330000
2016-03-07,98538000
2016-03-08,94600000
2016-03-09,87546000
2016-03-10,78398000
2016-03-11,75426000
2016-03-14,69084000
2016-03-15,77536000
2016-03-16,70754000
2016-03-17,118562000
2016-03-18,145938000
2016-03-21,103114000
2016-03-22,80012000
2016-03-23,79674000
2016-03-24,103710000
2016-03-28,62430000
2016-03-29,87852000
2016-03-30,77810000
2016-03-31,53636000
2016-04-01,58348000
2016-04-04,49416000
2016-04-05,46178000
2016-04-06,56998000
2016-04-07,63780000
2016-04-08,51838000
2016-04-11,54086000
2016-04-12,52822000
2016-04-13,84566000
2016-04-14,70242000
2016-04-15,57754000
2016-04-18,87218000
2016-04-19,81118000
2016-04-20,52188000
2016-04-21,51926000
2016-04-22,101678000
2016-04-25,53658000
2016-04-26,50428000
2016-04-27,81376000
2016-04-28,157452000
2016-04-29,206214000
2016-05-02,131570000
2016-05-03,98468000
2016-05-04,92710000
2016-05-05,97682000
2016-05-06,87306000
2016-05-09,79644000
2016-05-10,122112000
2016-05-11,146764000
2016-05-12,100964000
2016-05-13,95268000
2016-05-16,108658000
2016-05-17,102428000
2016-05-18,85664000
2016-05-19,60512000
2016-05-20,58324000
2016-05-23,51902000
2016-05-24,60676000
2016-05-25,65354000
2016-05-26,48934000
2016-05-27,44984000
2016-05-31,72366000
2016-06-01,65262000
2016-06-02,60532000
2016-06-03,67346000
2016-06-06,54096000
2016-06-07,54650000
2016-06-08,44468000
2016-06-09,43406000
2016-06-10,68514000
2016-06-13,67044000
2016-06-14,50138000
2016-06-15,54188000
2016-06-16,61960000
2016-06-17,117956000
2016-06-20,73544000
2016-06-21,42750000
2016-06-22,45210000
2016-06-23,56500000
2016-06-24,152650000
2016-06-27,111360000
2016-06-28,80740000
2016-06-29,61402000
2016-06-30,57102000
2016-07-01,58408000
2016-07-05,48628000
2016-07-06,78764000
2016-07-07,58916000
2016-07-08,68584000
2016-07-11,63906000
2016-07-12,112474000
2016-07-13,82846000
2016-07-14,47810000
2016-07-15,62428000
2016-07-18,59098000
2016-07-19,44336000
2016-07-20,44280000
2016-07-21,46342000
2016-07-22,45554000
2016-07-25,53586000
2016-07-26,50594000
2016-07-27,58262000
2016-07-28,152352000
2016-07-29,135542000
2016-08-01,71564000
2016-08-02,72066000
2016-08-03,71630000
2016-08-04,63564000
2016-08-05,54088000
2016-08-08,39726000
2016-08-09,37522000
2016-08-10,32086000
2016-08-11,40394000
2016-08-12,31266000
2016-08-15,42370000
2016-08-16,32092000
2016-08-17,37822000
2016-08-18,29176000
2016-08-19,46864000
2016-08-22,33586000
2016-08-23,30482000
2016-08-24,34882000
2016-08-25,32460000
2016-08-26,55536000
2016-08-29,43972000
2016-08-30,34184000
2016-08-31,32676000
2016-09-01,35846000
2016-09-02,43636000
2016-09-06,74396000
2016-09-07,48492000
2016-09-08,40610000
2016-09-09,85146000
2016-09-12,62494000
2016-09-13,62344000
2016-09-14,50460000
2016-09-15,60680000
2016-09-16,109984000
2016-09-19,45944000
2016-09-20,38744000
2016-09-21,54372000
2016-09-22,81578000
2016-09-23,47070000
2016-09-26,53028000
2016-09-27,76392000
2016-09-28,88442000
2016-09-29,98444000
2016-09-30,88612000
2016-10-03,55388000
2016-10-04,59006000
2016-10-05,69382000
2016-10-06,53680000
2016-10-07,48524000
2016-10-10,36542000
2016-10-11,71764000
2016-10-12,47608000
2016-10-13,61828000
2016-10-14,59996000
2016-10-17,67230000
2016-10-18,50250000
2016-10-19,41814000
2016-10-20,63040000
2016-10-21,55860000
2016-10-24,81218000
2016-10-25,64968000
2016-10-26,79962000
2016-10-27,148128000
2016-10-28,216822000
2016-10-31,108266000
2016-11-01,106108000
2016-11-02,100530000
2016-11-03,77450000
2016-11-04,102442000
2016-11-07,119688000
2016-11-08,68252000
2016-11-09,171258000
2016-11-10,254940000
2016-11-11,132456000
2016-11-14,146426000
2016-11-15,135116000
2016-11-16,72976000
2016-11-17,73802000
2016-11-18,87468000
2016-11-21,92292000
2016-11-22,106226000
2016-11-23,70806000
2016-11-25,36742000
2016-11-28,88776000
2016-11-29,65446000
2016-11-30,92518000
2016-12-01,93320000
2016-12-02,71226000
2016-12-05,86294000
2016-12-06,75894000
2016-12-07,73698000
2016-12-08,63792000
2016-12-09,49418000
2016-12-12,59278000
2016-12-13,105706000
2016-12-14,109096000
2016-12-15,76038000
2016-12-16,96964000
2016-12-19,62264000
2016-12-20,54072000
2016-12-21,40892000
2016-12-22,50872000
2016-12-23,39632000
2016-12-27,52774000
2016-12-28,66020000
2016-12-29,63166000
2016-12-30,82788000
2017-01-03,70422000
2017-01-04,50210000
2017-01-05,116602000
2017-01-06,119724000
2017-01-09,68922000
2017-01-10,51168000
2017-01-11,59856000
2017-01-12,97478000
2017-01-13,75838000
2017-01-17,73410000
2017-01-18,47084000
2017-01-19,50816000
2017-01-20,67524000
2017-01-23,55950000
2017-01-24,59434000
2017-01-25,78452000
2017-01-26,71726000
2017-01-27,59974000
2017-01-30,74946000
2017-01-31,62744000
2017-02-01,77004000
2017-02-02,147010000
2017-02-03,217376000
2017-02-06,77946000
2017-02-07,69322000
2017-02-08,57160000
2017-02-09,49698000
2017-02-10,48592000
2017-02-13,83452000
2017-02-14,55848000
2017-02-15,59378000
2017-02-16,54294000
2017-02-17,62246000
2017-02-21,70154000
2017-02-22,52340000
2017-02-23,69240000
2017-02-24,73760000
2017-02-27,54272000
2017-02-28,55874000
2017-03-01,55202000
2017-03-02,42642000
2017-03-03,38822000
2017-03-06,52208000
2017-03-07,44952000
2017-03-08,45730000
2017-03-09,40964000
2017-03-10,48728000
2017-03-13,38194000
2017-03-14,42612000
2017-03-15,51244000
2017-03-16,36846000
2017-03-17,67688000
2017-03-20,45654000
2017-03-21,87658000
2017-03-22,53174000
2017-03-23,39060000
2017-03-24,42766000
2017-03-27,55116000
2017-03-28,60832000
2017-03-29,89716000
2017-03-30,55254000
2017-03-31,79152000
2017-04-03,68446000
2017-04-04,99694000
2017-04-05,150168000
2017-04-06,126882000
2017-04-07,74218000
2017-04-10,63686000
2017-04-11,60254000
2017-04-12,49122000
2017-04-13,63492000
2017-04-17,57094000
2017-04-18,59984000
2017-04-19,57404000
2017-04-20,56288000
2017-04-21,48410000
2017-04-24,62458000
2017-04-25,67612000
2017-04-26,52178000
2017-04-27,106110000
2017-04-28,147294000
2017-05-01,109330000
2017-05-02,76976000
2017-05-03,71654000
2017-05-04,48368000
2017-05-05,57328000
2017-05-08,68314000
2017-05-09,65242000
2017-05-10,41930000
2017-05-11,43882000
2017-05-12,72518000
2017-05-15,85412000
2017-05-16,62522000
2017-05-17,102912000
2017-05-18,78786000
2017-05-19,79442000
2017-05-22,52844000
2017-05-23,48312000
2017-05-24,48920000
2017-05-25,96440000
2017-05-26,69384000
2017-05-30,65262000
2017-05-31,78262000
2017-06-01,49096000
2017-06-02,75046000
2017-06-05,54398000
2017-06-06,66928000
2017-06-07,56460000
2017-06-08,55358000
2017-06-09,152954000
2017-06-12,188944000
2017-06-13,91600000
2017-06-14,79498000
2017-06-15,107478000
2017-06-16,229454000
2017-06-19,100868000
2017-06-20,81536000
2017-06-21,58450000
2017-06-22,45068000
2017-06-23,57582000
2017-06-26,67724000
2017-06-27,75648000
2017-06-28,74752000
2017-06-29,86060000
2017-06-30,67806000
2017-07-03,58182000
2017-07-05,73060000
2017-07-06,65192000
2017-07-07,52868000
2017-07-10,70926000
2017-07-11,59654000
2017-07-12,72172000
2017-07-13,57616000
2017-07-14,42050000
2017-07-17,74252000
2017-07-18,80152000
2017-07-19,59280000
2017-07-20,61950000
2017-07-21,54692000
2017-07-24,65760000
2017-07-25,48952000
2017-07-26,58426000
2017-07-27,219834000
2017-07-28,154188000
2017-07-31,147042000
2017-08-01,91452000
2017-08-02,81400000
2017-08-03,65116000
2017-08-04,54606000
2017-08-07,53532000
2017-08-08,58056000
2017-08-09,71394000
2017-08-10,113682000
2017-08-11,69360000
2017-08-14,63458000
2017-08-15,50986000
2017-08-16,62642000
2017-08-17,70248000
2017-08-18,65696000
2017-08-21,63290000
2017-08-22,55000000
2017-08-23,53366000
2017-08-24,103914000
2017-08-25,66496000
2017-08-28,51934000
2017-08-29,57486000
2017-08-30,58092000
2017-08-31,66630000
2017-09-01,50718000
2017-09-05,57664000
2017-09-06,42598000
2017-09-07,51336000
2017-09-08,52106000
2017-09-11,43734000
2017-09-12,49622000
2017-09-13,67494000
2017-09-14,78266000
2017-09-15,75204000
2017-09-18,68226000
2017-09-19,53422000
2017-09-20,57776000
2017-09-21,46752000
2017-09-22,52836000
2017-09-25,102480000
2017-09-26,71296000
2017-09-27,62978000
2017-09-28,50452000
2017-09-29,50876000
2017-10-02,48858000
2017-10-03,53332000
2017-10-04,50548000
2017-10-05,64584000
2017-10-06,75642000
2017-10-09,58772000
2017-10-10,61698000
2017-10-11,46742000
2017-10-12,81346000
2017-10-13,48630000
2017-10-16,40178000
2017-10-17,46394000
2017-10-18,49994000
2017-10-19,62164000
2017-10-20,47302000
2017-10-23,69882000
2017-10-24,54478000
2017-10-25,60662000
2017-10-26,112374000
2017-10-27,331300000
2017-10-30,132262000
2017-10-31,69540000
2017-11-01,75110000
2017-11-02,73698000
2017-11-03,75030000
2017-11-06,67622000
2017-11-07,53780000
2017-11-08,51630000
2017-11-09,74654000
2017-11-10,43598000
2017-11-13,58368000
2017-11-14,62768000
2017-11-15,78574000
2017-11-16,44266000
2017-11-17,48268000
2017-11-20,43278000
2017-11-21,49588000
2017-11-22,71106000
2017-11-24,70560000
2017-11-27,134880000
2017-11-28,91188000
2017-11-29,185150000
2017-11-30,90184000
2017-12-01,82142000
2017-12-04,118638000
2017-12-05,81596000
2017-12-06,57066000
2017-12-07,50232000
2017-12-08,61002000
2017-12-11,47270000
2017-12-12,44718000
2017-12-13,52336000
2017-12-14,64286000
2017-12-15,95572000
2017-12-18,58952000
2017-12-19,51756000
2017-12-20,47424000
2017-12-21,42462000
2017-12-22,31702000
2017-12-26,40104000
2017-12-27,37344000
2017-12-28,36834000
2017-12-29,53768000
2018-01-02,53890000
2018-01-03,62176000
2018-01-04,60442000
2018-01-05,70894000
2018-01-08,85590000
2018-01-09,73226000
2018-01-10,53720000
2018-01-11,62500000
2018-01-12,108874000
2018-01-16,144414000
2018-01-17,105076000
2018-01-18,80538000
2018-01-19,91570000
2018-01-22,82802000
2018-01-23,103386000
2018-01-24,136150000
2018-01-25,95060000
2018-01-26,97146000
2018-01-29,114038000
2018-01-30,117438000
2018-01-31,128494000
2018-02-01,182276000
2018-02-02,222514000
2018-02-05,229900000
2018-02-06,221336000
2018-02-07,143254000
2018-02-08,171572000
2018-02-09,282830000
2018-02-12,134778000
2018-02-13,118358000
2018-02-14,119184000
2018-02-15,113054000
2018-02-16,89452000
2018-02-20,129984000
2018-02-21,126088000
2018-02-22,97162000
2018-02-23,88362000
2018-02-26,99100000
2018-02-27,96176000
2018-02-28,90300000
2018-03-01,136704000
2018-03-02,131752000
2018-03-05,104678000
2018-03-06,91234000
2018-03-07,83482000
2018-03-08,77252000
2018-03-09,90686000
2018-03-12,103484000
2018-03-13,130638000
2018-03-14,85188000
2018-03-15,81394000
2018-03-16,108500000
2018-03-19,131616000
2018-03-20,91632000
2018-03-21,95016000
2018-03-22,126412000
2018-03-23,160120000
2018-03-26,112494000
2018-03-27,139992000
2018-03-28,274106000
2018-03-29,251622000
2018-04-02,209272000
2018-04-03,204624000
2018-04-04,139646000
2018-04-05,128270000
2018-04-06,117646000
2018-04-09,84164000
2018-04-10,85082000
2018-04-11,71650000
2018-04-12,62700000
2018-04-13,73706000
2018-04-16,56172000
2018-04-17,102288000
2018-04-18,104550000
2018-04-19,130474000
2018-04-20,110832000
2018-04-23,89308000
2018-04-24,149894000
2018-04-25,131746000
2018-04-26,176022000
2018-04-27,261064000
2018-04-30,109282000
2018-05-01,91442000
2018-05-02,87206000
2018-05-03,85038000
2018-05-04,68872000
2018-05-07,76038000
2018-05-08,61358000
2018-05-09,72746000
2018-05-10,56350000
2018-05-11,45278000
2018-05-14,50190000
2018-05-15,101550000
2018-05-16,51412000
2018-05-17,42952000
2018-05-18,52852000
2018-05-21,58504000
2018-05-22,42312000
2018-05-23,67238000
2018-05-24,68600000
2018-05-25,53968000
2018-05-29,76930000
2018-05-30,58148000
2018-05-31,63326000
2018-06-01,66268000
2018-06-04,63754000
2018-06-05,95644000
2018-06-06,109464000
2018-06-07,75314000
2018-06-08,59102000
2018-06-11,46710000
2018-06-12,45184000
2018-06-13,66550000
2018-06-14,63488000
2018-06-15,95552000
2018-06-18,62154000
2018-06-19,85802000
2018-06-20,86652000
2018-06-21,98822000
2018-06-22,81502000
2018-06-25,150224000
2018-06-26,87732000
2018-06-27,97444000
2018-06-28,90594000
2018-06-29,90870000
2018-07-02,63714000
2018-07-03,43546000
2018-07-05,59662000
2018-07-06,53006000
2018-07-09,60240000
2018-07-10,60058000
2018-07-11,64196000
2018-07-12,90654000
2018-07-13,87664000
2018-07-16,109324000
2018-07-17,113658000
2018-07-18,97238000
2018-07-19,93538000
2018-07-20,77688000
2018-07-23,77770000
2018-07-24,85574000
2018-07-25,74764000
2018-07-26,198488000
2018-07-27,193620000
2018-07-30,131246000
2018-07-31,114774000
2018-08-01,83062000
2018-08-02,87094000
2018-08-03,69210000
2018-08-06,67836000
2018-08-07,67550000
2018-08-08,79260000
2018-08-09,97208000
2018-08-10,72798000
2018-08-13,110630000
2018-08-14,79722000
2018-08-15,154014000
2018-08-16,79142000
2018-08-17,82086000
2018-08-20,57240000
2018-08-21,62112000
2018-08-22,61610000
2018-08-23,71260000
2018-08-24,56018000
2018-08-27,71380000
2018-08-28,62014000
2018-08-29,130636000
2018-08-30,145546000
2018-08-31,84088000
2018-09-04,114422000
2018-09-05,164412000
2018-09-06,149774000
2018-09-07,97852000
2018-09-10,90896000
2018-09-11,100672000
2018-09-12,88280000
2018-09-13,72430000
2018-09-14,72840000
2018-09-17,141004000
2018-09-18,85374000
2018-09-19,81136000
2018-09-20,63098000
2018-09-21,137118000
2018-09-24,84274000
2018-09-25,90768000
2018-09-26,86270000
2018-09-27,86588000
2018-09-28,81702000
2018-10-01,69210000
2018-10-02,108014000
2018-10-03,105062000
2018-10-04,145140000
2018-10-05,136446000
2018-10-08,147864000
2018-10-09,95458000
2018-10-10,219778000
2018-10-11,278718000
2018-10-12,188892000
2018-10-15,128744000
2018-10-16,117198000
2018-10-17,105904000
2018-10-18,117480000
2018-10-19,118144000
2018-10-22,90000000
2018-10-23,134478000
2018-10-24,138568000
2018-10-25,205714000
2018-10-26,299276000
2018-10-29,277322000
2018-10-30,249202000
2018-10-31,187804000
2018-11-01,162710000
2018-11-02,139110000
2018-11-05,112494000
2018-11-06,85148000
2018-11-07,163844000
2018-11-08,130698000
2018-11-09,118044000
2018-11-12,136124000
2018-11-13,118666000
2018-11-14,129738000
2018-11-15,168546000
2018-11-16,121322000
2018-11-19,155800000
2018-11-20,217576000
2018-11-21,114336000
2018-11-23,54152000
2018-11-26,125154000
2018-11-27,115664000
2018-11-28,169174000
2018-11-29,132264000
2018-11-30,115236000
2018-12-03,137246000
2018-12-04,173890000
2018-12-06,175788000
2018-12-07,151522000
2018-12-10,149896000
2018-12-11,124894000
2018-12-12,131960000
2018-12-13,105426000
2018-12-14,127344000
2018-12-17,176596000
2018-12-18,130460000
2018-12-19,175844000
2018-12-20,199836000
2018-12-21,272806000
2018-12-24,144400000
2018-12-26,208236000
2018-12-27,194440000
2018-12-28,176580000
2018-12-31,139090000
2019-01-02,159662000
2019-01-03,139512000
2019-01-04,183652000
2019-01-07,159864000
2019-01-08,177628000
2019-01-09,126976000
2019-01-10,130154000
2019-01-11,93724000
2019-01-14,120118000
2019-01-15,119970000
2019-01-16,127338000
2019-01-17,84178000
2019-01-18,120410000
2019-01-22,128336000
2019-01-23,104504000
2019-01-24,81798000
2019-01-25,98918000
2019-01-28,96754000
2019-01-29,92656000
2019-01-30,115676000
2019-01-31,218206000
2019-02-01,230124000
2019-02-04,98582000
2019-02-05,89062000
2019-02-06,78798000
2019-02-07,92532000
2019-02-08,113150000
2019-02-11,66346000
2019-02-12,97172000
2019-02-13,71206000
2019-02-14,82410000
2019-02-15,86878000
2019-02-19,73634000
2019-02-20,66752000
2019-02-21,69668000
2019-02-22,61924000
2019-02-25,63690000
2019-02-26,53316000
2019-02-27,62976000
2019-02-28,60518000
2019-03-01,99498000
2019-03-04,123348000
2019-03-05,73630000
2019-03-06,79920000
2019-03-07,99140000
2019-03-08,93340000
2019-03-11,77528000
2019-03-12,72290000
2019-03-13,71040000
2019-03-14,58932000
2019-03-15,151018000
2019-03-18,108582000
2019-03-19,127284000
2019-03-20,125312000
2019-03-21,115356000
2019-03-22,127260000
2019-03-25,102076000
2019-03-26,97318000
2019-03-27,86496000
2019-03-28,60860000
2019-03-29,66416000
2019-04-01,84776000
2019-04-02,68962000
2019-04-03,78522000
2019-04-04,72478000
2019-04-05,72810000
2019-04-08,75056000
2019-04-09,74288000
2019-04-10,59280000
2019-04-11,53096000
2019-04-12,62288000
2019-04-15,74488000
2019-04-16,60892000
2019-04-17,57870000
2019-04-18,54998000
2019-04-22,67476000
2019-04-23,92808000
2019-04-24,73516000
2019-04-25,121982000
2019-04-26,168652000
2019-04-29,80426000
2019-04-30,70120000
2019-05-01,62340000
2019-05-02,79258000
2019-05-03,127632000
2019-05-06,108356000
2019-05-07,118042000
2019-05-08,81572000
2019-05-09,106166000
2019-05-10,114360000
2019-05-13,115668000
2019-05-14,92582000
2019-05-15,93852000
2019-05-16,94156000
2019-05-17,94732000
2019-05-20,75964000
2019-05-21,80102000
2019-05-22,58732000
2019-05-23,88486000
2019-05-24,67394000
2019-05-28,64000000
2019-05-29,85580000
2019-05-30,62938000
2019-05-31,92376000
2019-06-03,181974000
2019-06-04,113582000
2019-06-05,84796000
2019-06-06,73786000
2019-06-07,96164000
2019-06-10,107420000
2019-06-11,80854000
2019-06-12,53566000
2019-06-13,55916000
2019-06-14,57024000
2019-06-17,52686000
2019-06-18,77914000
2019-06-19,57906000
2019-06-20,64344000
2019-06-21,78672000
2019-06-24,45660000
2019-06-25,60246000
2019-06-26,48838000
2019-06-27,42834000
2019-06-28,60748000
2019-07-01,63842000
2019-07-02,52918000
2019-07-03,33806000
2019-07-05,52568000
2019-07-08,57668000
2019-07-09,86914000
2019-07-10,98638000
2019-07-11,86356000
2019-07-12,50186000
2019-07-15,59626000
2019-07-16,52364000
2019-07-17,51176000
2019-07-18,69738000
2019-07-19,63712000
2019-07-22,58000000
2019-07-23,54070000
2019-07-24,52626000
2019-07-25,82730000
2019-07-26,98542000
2019-07-29,89864000
2019-07-30,58218000
2019-07-31,89414000
2019-08-01,94266000
2019-08-02,99124000
2019-08-05,121164000
2019-08-06,101406000
2019-08-07,90538000
2019-08-08,74024000
2019-08-09,57596000
2019-08-12,58110000
2019-08-13,79880000
2019-08-14,97872000
2019-08-15,75182000
2019-08-16,60360000
2019-08-19,56326000
2019-08-20,38590000
2019-08-21,40636000
2019-08-22,53070000
2019-08-23,105416000
2019-08-26,61600000
2019-08-27,60394000
2019-08-28,48394000
2019-08-29,60302000
2019-08-30,61174000
2019-09-03,70860000
2019-09-04,46482000
2019-09-05,66216000
2019-09-06,49938000
2019-09-09,59990000
2019-09-10,52278000
2019-09-11,48656000
2019-09-12,56470000
2019-09-13,39426000
2019-09-16,73510000
2019-09-17,39648000
2019-09-18,50112000
2019-09-19,40630000
2019-09-20,106838000
2019-09-23,58446000
2019-09-24,92320000
2019-09-25,69864000
2019-09-26,70736000
2019-09-27,78144000
2019-09-30,52894000
2019-10-01,61690000
2019-10-02,66022000
2019-10-03,69364000
2019-10-04,49438000
2019-10-07,43094000
2019-10-08,50840000
2019-10-09,40870000
2019-10-10,51504000
2019-10-11,65100000
2019-10-14,38204000
2019-10-15,62234000
2019-10-16,55268000
2019-10-17,52948000
2019-10-18,67250000
2019-10-21,42608000
2019-10-22,42234000
2019-10-23,42764000
2019-10-24,88922000
2019-10-25,192528000
2019-10-28,74178000
2019-10-29,45538000
2019-10-30,48988000
2019-10-31,55624000
2019-11-01,55808000
2019-11-04,55438000
2019-11-05,37710000
2019-11-06,40596000
2019-11-07,53022000
2019-11-08,42466000
2019-11-11,38920000
2019-11-12,40752000
2019-11-13,59790000
2019-11-14,45296000
2019-11-15,78552000
2019-11-18,56790000
2019-11-19,45416000
2019-11-20,55800000
2019-11-21,53258000
2019-11-22,49582000
2019-11-25,69724000
2019-11-26,63624000
2019-11-27,60512000
2019-11-29,38468000
2019-12-02,78512000
2019-12-03,67618000
2019-12-04,53402000
2019-12-05,56476000
2019-12-06,62348000
2019-12-09,48856000
2019-12-10,50286000
2019-12-11,41952000
2019-12-12,61918000
2019-12-13,54914000
2019-12-16,62904000
2019-12-17,72888000
2019-12-18,67028000
2019-12-19,53056000
2019-12-20,103016000
2019-12-23,42728000
2019-12-24,17626000
2019-12-26,120108000
2019-12-27,123732000
2019-12-30,73494000
2019-12-31,50130000
2020-01-02,80580000
2020-01-03,75288000
2020-01-06,81236000
2020-01-07,80898000
2020-01-08,70160000
2020-01-09,63346000
2020-01-10,57074000
2020-01-13,55616000
2020-01-14,68818000
2020-01-15,57932000
2020-01-16,53190000
2020-01-17,79946000
2020-01-21,74156000
2020-01-22,64326000
2020-01-23,49692000
2020-01-24,75324000
2020-01-27,70570000
2020-01-28,56160000
2020-01-29,41760000
2020-01-30,126548000
2020-01-31,311346000
2020-02-03,117834000
2020-02-04,105786000
2020-02-05,87524000
2020-02-06,63660000
2020-02-07,101906000
2020-02-10,101124000
2020-02-11,114920000
2020-02-12,66686000
2020-02-13,60636000
2020-02-14,52124000
2020-02-18,58912000
2020-02-19,51224000
2020-02-20,62626000
2020-02-21,92926000
2020-02-24,130940000
2020-02-25,124382000
2020-02-26,104492000
2020-02-27,162880000
2020-02-28,189620000
2020-03-02,135234000
2020-03-03,150690000
2020-03-04,95458000
2020-03-05,94964000
2020-03-06,105472000
2020-03-09,156264000
2020-03-10,142666000
2020-03-11,112496000
2020-03-12,226924000
2020-03-13,176194000
2020-03-16,178346000
2020-03-17,218342000
2020-03-18,192904000
2020-03-19,207998000
2020-03-20,196358000
2020-03-23,156170000
2020-03-24,142942000
2020-03-25,129582000
2020-03-26,124426000
2020-03-27,107758000
2020-03-30,122522000
2020-03-31,102472000
2020-04-01,82438000
2020-04-02,86720000
2020-04-03,72198000
2020-04-06,115464000
2020-04-07,102280000
2020-04-08,79546000
2020-04-09,92930000
2020-04-13,134334000
2020-04-14,161744000
2020-04-15,137332000
2020-04-16,240764000
2020-04-17,158600000
2020-04-20,115414000
2020-04-21,149534000
2020-04-22,84244000
2020-04-23,101332000
2020-04-24,76498000
2020-04-27,112912000
2020-04-28,105388000
2020-04-29,91832000
2020-04-30,190692000
2020-05-01,195452000
2020-05-04,97318000
2020-05-05,64850000
2020-05-06,62356000
2020-05-07,67928000
2020-05-08,64132000
2020-05-11,65184000
2020-05-12,61498000
2020-05-13,95658000
2020-05-14,72962000
2020-05-15,84700000
2020-05-18,87144000
2020-05-19,86410000
2020-05-20,79962000
2020-05-21,102288000
2020-05-22,57342000
2020-05-26,71364000
2020-05-27,101138000
2020-05-28,63804000
2020-05-29,70198000
2020-06-01,58578000
2020-06-02,50598000
2020-06-03,53420000
2020-06-04,58974000
2020-06-05,66128000
2020-06-08,79414000
2020-06-09,103520000
2020-06-10,98920000
2020-06-11,116002000
2020-06-12,108722000
2020-06-15,77302000
2020-06-16,71712000
2020-06-17,59186000
2020-06-18,49756000
2020-06-19,115540000
2020-06-22,64176000
2020-06-23,84634000
2020-06-24,90532000
2020-06-25,59374000
2020-06-26,130016000
2020-06-29,84468000
2020-06-30,75394000
2020-07-01,127268000
2020-07-02,131868000
2020-07-06,137612000
2020-07-07,105150000
2020-07-08,100752000
2020-07-09,127774000
2020-07-10,109720000
2020-07-13,154408000
2020-07-14,144638000
2020-07-15,115778000
2020-07-16,127884000
2020-07-17,95226000
2020-07-20,151964000
2020-07-21,122426000
2020-07-22,82084000
2020-07-23,113138000
2020-07-24,112648000
2020-07-27,83410000
2020-07-28,62534000
2020-07-29,59482000
2020-07-30,122566000
2020-07-31,161710000
2020-08-03,101494000
2020-08-04,93886000
2020-08-05,78330000
2020-08-06,78812000
2020-08-07,78722000
2020-08-10,63346000
2020-08-11,74362000
2020-08-12,70442000
2020-08-13,62980000
2020-08-14,55034000
2020-08-17,53824000
2020-08-18,106920000
2020-08-19,83702000
2020-08-20,66650000
2020-08-21,71518000
2020-08-24,93326000
2020-08-25,79856000
2020-08-26,130174000
2020-08-27,85296000
2020-08-28,57940000
2020-08-31,83718000
2020-09-01,68644000
2020-09-02,78630000
2020-09-03,163222000
2020-09-04,175636000
2020-09-08,121884000
2020-09-09,103774000
2020-09-10,106614000
2020-09-11,101880000
2020-09-14,90592000
2020-09-15,80430000
2020-09-16,90244000
2020-09-17,128982000
2020-09-18,177852000
2020-09-21,122358000
2020-09-22,138976000
2020-09-23,113054000
2020-09-24,110588000
2020-09-25,92304000
2020-09-28,84484000
2020-09-29,69916000
2020-09-30,97922000
2020-10-01,99438000
2020-10-02,112262000
2020-10-05,75506000
2020-10-06,101738000
2020-10-07,86188000
2020-10-08,63482000
2020-10-09,98158000
2020-10-12,167284000
2020-10-13,114894000
2020-10-14,116254000
2020-10-15,104468000
2020-10-16,129488000
2020-10-19,104472000
2020-10-20,90194000
2020-10-21,91854000
2020-10-22,84240000
2020-10-23,69334000
2020-10-26,118024000
2020-10-27,85820000
2020-10-28,111766000
2020-10-29,131930000
2020-10-30,167728000
2020-11-02,145148000
2020-11-03,97958000
2020-11-04,136780000
2020-11-05,115786000
2020-11-06,92946000
2020-11-09,143808000
2020-11-10,131820000
2020-11-11,87338000
2020-11-12,87240000
2020-11-13,75124000
2020-11-16,76174000
2020-11-17,68894000
2020-11-18,58336000
2020-11-19,60206000
2020-11-20,67488000
2020-11-23,94178000
2020-11-24,72042000
2020-11-25,75808000
2020-11-27,47858000
2020-11-30,81278000
2020-12-01,90740000
2020-12-02,62586000
2020-12-03,57840000
2020-12-04,58272000
2020-12-07,55026000
2020-12-08,65726000
2020-12-09,82016000
2020-12-10,60604000
2020-12-11,61294000
2020-12-14,83116000
2020-12-15,66390000
2020-12-16,88552000
2020-12-17,69486000
2020-12-18,119914000
2020-12-21,76736000
2020-12-22,47388000
2020-12-23,41876000
2020-12-24,29038000
2020-12-28,113736000
2020-12-29,97458000
2020-12-30,64186000
2020-12-31,59144000
2021-01-04,88228000
2021-01-05,53110000
2021-01-06,87896000
2021-01-07,70290000
2021-01-08,70754000
2021-01-11,73668000
2021-01-12,70292000
2021-01-13,66424000
2021-01-14,61418000
2021-01-15,84880000
2021-01-19,66102000
2021-01-20,106196000
2021-01-21,98722000
2021-01-22,56438000
2021-01-25,74996000
2021-01-26,59104000
2021-01-27,93204000
2021-01-28,62984000
2021-01-29,85872000
2021-02-01,83204000
2021-02-02,141972000
2021-02-03,141776000
2021-02-04,73414000
2021-02-05,72416000
2021-02-08,65148000
2021-02-09,44070000
2021-02-10,63032000
2021-02-11,46028000
2021-02-12,46706000
2021-02-16,51494000
2021-02-17,65950000
2021-02-18,60548000
2021-02-19,86104000
2021-02-22,70314000
2021-02-23,93544000
2021-02-24,60226000
2021-02-25,90676000
2021-02-26,85518000
2021-03-01,54582000
2021-03-02,51916000
2021-03-03,79774000
2021-03-04,109632000
2021-03-05,107772000
2021-03-08,83700000
2021-03-09,80600000
2021-03-10,60250000
2021-03-11,55528000
2021-03-12,48438000
2021-03-15,58272000
2021-03-16,50776000
2021-03-17,62372000
2021-03-18,72992000
2021-03-19,92508000
2021-03-22,58044000
2021-03-23,76346000
2021-03-24,59180000
2021-03-25,71270000
2021-03-26,66258000
2021-03-29,54920000
2021-03-30,46752000
2021-03-31,61878000
2021-04-01,58806000
2021-04-05,66698000
2021-04-06,50756000
2021-04-07,66924000
2021-04-08,56242000
2021-04-09,86830000
2021-04-12,65636000
2021-04-13,66316000
2021-04-14,62904000
2021-04-15,64672000
2021-04-16,63720000
2021-04-19,54508000
2021-04-20,52460000
2021-04-21,44224000
2021-04-22,51612000
2021-04-23,63856000
2021-04-26,97614000
2021-04-27,76542000
2021-04-28,92638000
2021-04-29,153648000
2021-04-30,140186000
2021-05-03,117510000
2021-05-04,108788000
2021-05-05,74226000
2021-05-06,88954000
2021-05-07,94206000
2021-05-10,116772000
2021-05-11,92396000
2021-05-12,98728000
2021-05-13,67018000
2021-05-14,66500000
2021-05-17,74478000
2021-05-18,56568000
2021-05-19,53594000
2021-05-20,52664000
2021-05-21,82098000
2021-05-24,48456000
2021-05-25,65222000
2021-05-26,47680000
2021-05-27,51224000
2021-05-28,46596000
2021-06-01,48600000
2021-06-02,40290000
2021-06-03,47966000
2021-06-04,44994000
2021-06-07,44316000
2021-06-08,68334000
2021-06-09,49110000
2021-06-10,69530000
2021-06-11,56348000
2021-06-14,51394000
2021-06-15,48524000
2021-06-16,84056000
2021-06-17,102730000
2021-06-18,104954000
2021-06-21,65542000
2021-06-22,66902000
2021-06-23,56266000
2021-06-24,76640000
2021-06-25,78820000
2021-06-28,44856000
2021-06-29,41968000
2021-06-30,48080000
2021-07-01,40742000
2021-07-02,63388000
2021-07-06,134896000
2021-07-07,106562000
2021-07-08,103612000
2021-07-09,74964000
2021-07-12,51432000
2021-07-13,76918000
2021-07-14,65932000
2021-07-15,63706000
2021-07-16,80874000
2021-07-19,75692000
2021-07-20,65114000
2021-07-21,46380000
2021-07-22,65308000
2021-07-23,48726000
2021-07-26,58002000
2021-07-27,82638000
2021-07-28,59988000
2021-07-29,110400000
2021-07-30,199312000
2021-08-02,67078000
2021-08-03,83146000
2021-08-04,43678000
2021-08-05,48670000
2021-08-06,52752000
2021-08-09,42964000
2021-08-10,48252000
2021-08-11,58944000
2021-08-12,46282000
2021-08-13,41134000
2021-08-16,66394000
2021-08-17,67758000
2021-08-18,56086000
2021-08-19,75658000
2021-08-20,67168000
2021-08-23,65362000
2021-08-24,51036000
2021-08-25,33606000
2021-08-26,41976000
2021-08-27,48048000
2021-08-30,63844000
2021-08-31,87128000
2021-09-01,72598000
2021-09-02,58474000
2021-09-03,51514000
2021-09-07,54758000
2021-09-08,61068000
2021-09-09,54384000
2021-09-10,47946000
2021-09-13,51380000
2021-09-14,38738000
2021-09-15,59150000
2021-09-16,51672000
2021-09-17,92332000
2021-09-20,93382000
2021-09-21,55618000
2021-09-22,48228000
2021-09-23,47588000
2021-09-24,42324000
2021-09-27,72690000
2021-09-28,88616000
2021-09-29,51246000
2021-09-30,56848000
2021-10-01,56712000
2021-10-04,90462000
2021-10-05,65384000
2021-10-06,50660000
2021-10-07,48182000
2021-10-08,39964000
2021-10-11,40684000
2021-10-12,36392000
2021-10-13,48402000
2021-10-14,42190000
2021-10-15,103598000
2021-10-18,63482000
2021-10-19,47722000
2021-10-20,42796000
2021-10-21,37628000
2021-10-22,62782000
2021-10-25,44520000
2021-10-26,53966000
2021-10-27,54044000
2021-10-28,114174000
2021-10-29,129722000
2021-11-01,72178000
2021-11-02,52552000
2021-11-03,67944000
2021-11-04,107060000
2021-11-05,99940000
2021-11-08,61480000
2021-11-09,85898000
2021-11-10,80548000
2021-11-11,45288000
2021-11-12,53788000
2021-11-15,58594000
2021-11-16,44342000
2021-11-17,51206000
2021-11-18,114070000
2021-11-19,98734000
2021-11-22,96844000
2021-11-23,73804000
2021-11-24,46560000
2021-11-26,59826000
2021-11-29,65312000
2021-11-30,80022000
2021-12-01,74916000
2021-12-02,64726000
2021-12-03,80712000
2021-12-06,68860000
2021-12-07,66410000
2021-12-08,45254000
2021-12-09,46062000
2021-12-10,60690000
2021-12-13,62170000
2021-12-14,55976000
2021-12-15,75794000
2021-12-16,60876000
2021-12-17,85542000
2021-12-20,57372000
2021-12-21,55956000
2021-12-22,55036000
2021-12-23,36788000
2021-12-27,58688000
2021-12-28,54638000
2021-12-29,35754000
2021-12-30,37584000
2021-12-31,47830000
2022-01-03,63520000
2022-01-04,70726000
2022-01-05,64302000
2022-01-06,51958000
2022-01-07,46606000
2022-01-10,87798000
2022-01-11,62806000
2022-01-12,50030000
2022-01-13,52188000
2022-01-14,45974000
2022-01-18,67292000
2022-01-19,53242000
2022-01-20,71974000
2022-01-21,163972000
2022-01-24,155624000
2022-01-25,90824000
2022-01-26,95602000
2022-01-27,77516000
2022-01-28,74392000
2022-01-31,78308000
2022-02-01,59220000
2022-02-02,87330000
2022-02-03,225532000
2022-02-04,253456000
2022-02-07,102624000
2022-02-08,76040000
2022-02-09,68786000
2022-02-10,68268000
2022-02-11,77100000
2022-02-14,83230000
2022-02-15,56440000
2022-02-16,52704000
2022-02-17,64032000
2022-02-18,63604000
2022-02-22,66128000
2022-02-23,64244000
2022-02-24,100786000
2022-02-25,62396000
2022-02-28,57684000
2022-03-01,44874000
2022-03-02,47334000
2022-03-03,65198000
2022-03-04,60934000
2022-03-07,86934000
2022-03-08,91662000
2022-03-09,82656000
2022-03-10,135062000
2022-03-11,68900000
2022-03-14,74086000
2022-03-15,75584000
2022-03-16,84958000
2022-03-17,72934000
2022-03-18,102962000
2022-03-21,66538000
2022-03-22,64086000
2022-03-23,55812000
2022-03-24,56798000
2022-03-25,49032000
2022-03-28,59854000
2022-03-29,66154000
2022-03-30,56168000
2022-03-31,59966000
2022-04-01,57090000
2022-04-04,49882000
2022-04-05,53728000
2022-04-06,79056000
2022-04-07,68136000
2022-04-08,46002000
2022-04-11,52112000
2022-04-12,55178000
2022-04-13,53390000
2022-04-14,51598000
2022-04-18,46514000
2022-04-19,54926000
2022-04-20,59630000
2022-04-21,63970000
2022-04-22,73078000
2022-04-25,61874000
2022-04-26,77530000
2022-04-27,71336000
2022-04-28,117316000
2022-04-29,272662000
2022-05-02,148788000
2022-05-03,79134000
2022-05-04,110746000
2022-05-05,144392000
2022-05-06,124260000
2022-05-09,128124000
2022-05-10,105434000
2022-05-11,109704000
2022-05-12,132026000
2022-05-13,93684000
2022-05-16,74566000
2022-05-17,76448000
2022-05-18,108380000
2022-05-19,88142000
2022-05-20,99500000
2022-05-23,107798000
2022-05-24,102934000
2022-05-25,93120000
2022-05-26,93002000
2022-05-27,93660000
2022-05-31,144634000
2022-06-01,127528000
2022-06-02,100560000
2022-06-03,97604000
2022-06-06,135269000
2022-06-07,85156700
2022-06-08,64926600
2022-06-09,67029800
2022-06-10,87266000
2022-06-13,99277700
2022-06-14,69728800
2022-06-15,85011100
2022-06-16,82186300
2022-06-17,99772100
2022-06-21,70901200
2022-06-22,60040100
2022-06-23,64345300
2022-06-24,69867600
2022-06-27,62133200
2022-06-28,74942900
2022-06-29,66375300
2022-06-30,97679400
2022-07-01,73021200
2022-07-05,76583700
2022-07-06,66958900
2022-07-07,57872300
2022-07-08,45719700
2022-07-11,53487600
2022-07-12,54280300
2022-07-13,61353800
2022-07-14,51163100
2022-07-15,84317800
2022-07-18,59115400
2022-07-19,60990000
2022-07-20,71268300
2022-07-21,60239900
2022-07-22,51463800
2022-07-25,50221300
2022-07-26,67075100
2022-07-27,61582000
2022-07-28,82245500
2022-07-29,148892900
2022-08-01,76846900
2022-08-02,61922400
2022-08-03,71827800
2022-08-04,70585000
2022-08-05,50686900
2022-08-08,52229000
2022-08-09,40434700
2022-08-10,54773800
2022-08-11,44867300
2022-08-12,47643500
2022-08-15,39014600
2022-08-16,59102900
2022-08-17,48149800
2022-08-18,37458700
2022-08-19,47792800
2022-08-22,50461500
2022-08-23,36252100
2022-08-24,38627000
2022-08-25,37496300
2022-08-26,53322700
2022-08-29,48101600
2022-08-30,49203000
2022-08-31,53648700
2022-09-01,56636100
2022-09-02,57429800
2022-09-06,43888600
2022-09-07,47900300
2022-09-08,43988500
2022-09-09,49387600
2022-09-12,53826900
2022-09-13,72694000
2022-09-14,45316800
2022-09-15,52887200
2022-09-16,115667800
2022-09-19,47279700
2022-09-20,47698400
2022-09-21,58498900
2022-09-22,55229200
2022-09-23,65126700
2022-09-26,62723300
2022-09-27,60094700
2022-09-28,55763800
2022-09-29,58969700
2022-09-30,59479600
2022-10-03,50941900
2022-10-04,62812600
2022-10-05,48217500
2022-10-06,42253800
2022-10-07,54678000
2022-10-10,42339700
2022-10-11,56432200
2022-10-12,45728700
2022-10-13,86868100
2022-10-14,67737300
2022-10-17,62782000
2022-10-18,65607400
2022-10-19,47198100
2022-10-20,48795100
2022-10-21,55660500
2022-10-24,49531500
2022-10-25,50934600
2022-10-26,68802300
2022-10-27,129605400
2022-10-28,223133400
2022-10-31,99251400
2022-11-01,153370000
2022-11-02,135761800
2022-11-03,136683300
2022-11-04,129101300
2022-11-07,77495700
2022-11-08,88703400
2022-11-09,90796200
2022-11-10,173414900
2022-11-11,111590500
2022-11-14,99533100
2022-11-15,111336300
2022-11-16,87958800
2022-11-17,82617900
2022-11-18,72428200
2022-11-21,84330300
2022-11-22,62192000
2022-11-23,59414700
2022-11-25,35088600
2022-11-28,74943100
2022-11-29,65567300
2022-11-30,102805800
2022-12-01,68488000
2022-12-02,72496400
2022-12-05,71535500
2022-12-06,75503600
2022-12-07,68086900
2022-12-08,73305900
2022-12-09,67398500
2022-12-12,61999800
2022-12-13,100212000
2022-12-14,70298000
2022-12-15,84802900
2022-12-16,146144100
2022-12-19,83531500
2022-12-20,74348300
2022-12-21,59267200
2022-12-22,81431300
2022-12-23,57433700
2022-12-27,57284000
2022-12-28,58228600
2022-12-29,54995900
2022-12-30,62401200
2023-01-03,76706000
2023-01-04,68885100
2023-01-05,67930800
2023-01-06,83303400
2023-01-09,65266100
2023-01-10,67756600
2023-01-11,103126200
2023-01-12,85254800
2023-01-13,85549400
2023-01-17,72755000
2023-01-18,79570400
2023-01-19,69002700
2023-01-20,67481500
2023-01-23,76501100
2023-01-24,66929500
2023-01-25,94261600
2023-01-26,68523600
2023-01-27,87775600
2023-01-30,70691900
2023-01-31,66527300
2023-02-01,80450100
2023-02-02,158154200
2023-02-03,144374800
2023-02-06,81945200
2023-02-07,119501300
2023-02-08,75878300
2023-02-09,64622500
2023-02-10,52740100
2023-02-13,52841500
2023-02-14,56202900
2023-02-15,47957600
2023-02-16,56339200
2023-02-17,60029400
2023-02-21,56580400
2023-02-22,59534100
2023-02-23,48467000
2023-02-24,57053800
2023-02-27,47470300
2023-02-28,43959300
2023-03-01,52299500
2023-03-02,55509400
2023-03-03,55759600
2023-03-06,52112400
2023-03-07,49100700
2023-03-08,44899100
2023-03-09,56218700
2023-03-10,69827500
2023-03-13,72397100
2023-03-14,60912700
2023-03-15,70731800
2023-03-16,84446900
2023-03-17,87300200
2023-03-20,62388900
2023-03-21,58597300
2023-03-22,57475400
2023-03-23,57559300
2023-03-24,56095400
2023-03-27,46721300
2023-03-28,38720100
2023-03-29,49783300
2023-03-30,53633400
2023-03-31,56750300
2023-04-03,41135700
2023-04-04,48662500
2023-04-05,45175400
2023-04-06,43808000
2023-04-10,37261200
2023-04-11,60417800
2023-04-12,56735000
2023-04-13,67925100
2023-04-14,51450500
2023-04-17,39919500
2023-04-18,39790500
2023-04-19,58398900
2023-04-20,57696900
2023-04-21,86774200
2023-04-24,69575600
2023-04-25,65026800
2023-04-26,73803800
2023-04-27,149961200
2023-04-28,130565000
2023-05-01,74728100
2023-05-02,73469400
2023-05-03,65051900
2023-05-04,45345500
2023-05-05,56912900
2023-05-08,49430900
2023-05-09,44089400
2023-05-10,78627600
2023-05-11,74924800
2023-05-12,49810100
2023-05-15,53011100
2023-05-16,71472900
2023-05-17,65655200
2023-05-18,73174100
2023-05-19,54990200
2023-05-22,70741100
2023-05-23,67576300
2023-05-24,63487900
2023-05-25,66496700
2023-05-26,96779900
2023-05-30,64314800
2023-05-31,72800800
2023-06-01,54375100
2023-06-02,61215000
2023-06-05,47950100
2023-06-06,45695200
2023-06-07,95663300
2023-06-08,62159300
2023-06-09,51330000
2023-06-12,51338000
2023-06-13,50564800
2023-06-14,52422500
2023-06-15,60458500
2023-06-16,84188100
2023-06-20,56930100
2023-06-21,52137700
2023-06-22,90354600
2023-06-23,71855200
2023-06-26,59989300
2023-06-27,46801000
2023-06-28,52149500
2023-06-29,40761000
2023-06-30,54310500
2023-07-03,28264800
2023-07-05,35895400
2023-07-06,40639900
2023-07-07,41928700
2023-07-10,61889300
2023-07-11,49951500
2023-07-12,54022800
2023-07-13,61170900
2023-07-14,54388100
2023-07-17,48450200
2023-07-18,54969100
2023-07-19,54531000
2023-07-20,59820600
2023-07-21,133265000
2023-07-24,45591100
2023-07-25,39236700
2023-07-26,53910100
2023-07-27,52610700
2023-07-28,46317400
2023-07-31,41901500
2023-08-01,42098500
2023-08-02,51027600
2023-08-03,88585200
2023-08-04,152938700
2023-08-07,71213100
2023-08-08,51710500
2023-08-09,50017300
2023-08-10,58928400
2023-08-11,42832100
2023-08-14,47148700
2023-08-15,42781500
2023-08-16,41675900
2023-08-17,48354100
2023-08-18,48469400
2023-08-21,41442500
2023-08-22,32935100
2023-08-23,42801000
2023-08-24,43646300
2023-08-25,44147500
2023-08-28,34108400
2023-08-29,38646100
2023-08-30,36137000
2023-08-31,58781300
2023-09-01,40948300
2023-09-05,40636700
2023-09-06,41785500
2023-09-07,48498900
2023-09-08,38348200
2023-09-11,56764500
2023-09-12,42668500
2023-09-13,60465200
2023-09-14,64033600
2023-09-15,102861700
2023-09-18,42823500
2023-09-19,61482500
2023-09-20,46263700
2023-09-21,70234800
2023-09-22,59904300
2023-09-25,46017800
2023-09-26,73048200
2023-09-27,66553400
2023-09-28,54555000
2023-09-29,62377600
2023-10-02,48029700
2023-10-03,51565000
2023-10-04,44203900
2023-10-05,39660600
2023-10-06,46795900
2023-10-09,38773700
2023-10-10,42178600
2023-10-11,40741800
2023-10-12,55528600
2023-10-13,45786600
2023-10-16,42832900
2023-10-17,49344600
2023-10-18,42699500
2023-10-19,60961400
2023-10-20,56343300
2023-10-23,48260000
2023-10-24,46477400
2023-10-25,74577500
2023-10-26,100419500
2023-10-27,125309300
2023-10-30,72485500
2023-10-31,51589400
2023-11-01,61529400
2023-11-02,52236700
2023-11-03,44007200
2023-11-06,44970400
2023-11-07,53553500
2023-11-08,44521700
2023-11-09,36235400
2023-11-10,49287800
2023-11-13,35680600
2023-11-14,56674600
2023-11-15,63875700
2023-11-16,49653500
2023-11-17,49636700
2023-11-20,41951200
2023-11-21,71226000
2023-11-22,45669100
2023-11-24,22378400
2023-11-27,53762400
2023-11-28,42711700
2023-11-29,40610900
2023-11-30,65814000
2023-12-01,39924600
2023-12-04,48294200
2023-12-05,46822400
2023-12-06,39679000
2023-12-07,52352800
2023-12-08,41858000
2023-12-11,50907300
2023-12-12,44944300
2023-12-13,52766200
2023-12-14,58400800
2023-12-15,110039100
2023-12-18,62512800
2023-12-19,43171300
2023-12-20,50322100
2023-12-21,36305700
2023-12-22,29480100
2023-12-26,25067200
2023-12-27,31434700
2023-12-28,27057000
2023-12-29,39789000
2024-01-02,47339400
2024-01-03,49425500
2024-01-04,56039800
2024-01-05,45124800
2024-01-08,46757100
2024-01-09,43812600
2024-01-10,44421800
2024-01-11,49072700
2024-01-12,40460300
2024-01-16,41384600
2024-01-17,34953400
2024-01-18,37850200
2024-01-19,51033700
2024-01-22,43687500
2024-01-23,37986000
2024-01-24,48547300
2024-01-25,43638600
2024-01-26,51047400
2024-01-29,45270400
2024-01-30,45207400
2024-01-31,50284400
2024-02-01,76542400
2024-02-02,117154900
2024-02-05,55081300
2024-02-06,42505500
2024-02-07,47174100
2024-02-08,42316500
2024-02-09,56986000
2024-02-12,51050400
2024-02-13,56345100
2024-02-14,42815500
2024-02-15,49855200
2024-02-16,48074600
2024-02-20,41980300
2024-02-21,44575600
2024-02-22,55392400
2024-02-23,59715200
2024-02-26,44368600
2024-02-27,31141700
2024-02-28,28180500
2024-02-29,53805400
2024-03-01,31956200
