Date;Rate;Dollar;Euro
2013-09-17;5.50;32.2907;43.1597
2013-09-18;5.50;32.3237;43.1457
2013-09-19;5.50;32.245;43.0761
2013-09-20;5.50;31.5892;42.7465
2013-09-24;5.50;31.9106;43.2038
2013-09-25;5.50;31.8167;42.9653
2013-09-26;5.50;31.9343;43.0251
2013-09-27;5.50;32.1736;43.4987
2013-10-01;5.50;32.4839;43.8143
2013-10-02;5.50;32.2965;43.8005
2013-10-03;5.50;32.2979;43.6603
2013-10-04;5.50;32.125;43.6932
2013-10-08;5.50;32.2931;43.8314
2013-10-09;5.50;32.2984;43.8225
2013-10-10;5.50;32.3619;43.8471
2013-10-11;5.50;32.3564;43.6844
2013-10-15;5.50;32.2663;43.766
2013-10-16;5.50;32.2676;43.7645
2013-10-17;5.50;32.2561;43.6102
2013-10-18;5.50;32.0816;43.5123
2013-10-22;5.50;31.9013;43.6378
2013-10-23;5.50;31.9346;43.661
2013-10-24;5.50;31.7448;43.7126
2013-10-25;5.50;31.6618;43.7249
2013-10-29;5.50;31.8119;43.9036
2013-10-30;5.50;31.9445;44.0323
2013-10-31;5.50;32.0613;44.0586
2013-11-01;5.50;32.0758;43.9406
2013-11-06;5.50;32.3509;43.6672
2013-11-07;5.50;32.4511;43.822
2013-11-08;5.50;32.3803;43.7879
2013-11-12;5.50;32.6622;43.6563
2013-11-13;5.50;32.8076;43.9228
2013-11-14;5.50;32.8184;44.1046
2013-11-15;5.50;32.6874;44.0201
2013-11-19;5.50;32.5658;43.9541
2013-11-20;5.50;32.6098;44.0624
2013-11-21;5.50;32.7417;44.3421
2013-11-22;5.50;33.018;44.33
2013-11-26;5.50;32.7733;44.3685
2013-11-27;5.50;32.9879;44.6392
2013-11-28;5.50;33.0041;44.8262
2013-11-29;5.50;33.1332;44.9949
2013-12-03;5.50;33.1482;45.0882
2013-12-04;5.50;33.246;45.0417
2013-12-05;5.50;33.2632;45.1748
2013-12-06;5.50;33.114;45.1013
2013-12-10;5.50;32.7782;44.9127
2013-12-11;5.50;32.7848;45.0758
2013-12-12;5.50;32.7315;45.0418
2013-12-13;5.50;32.7518;45.1549
2013-12-17;5.50;32.8658;45.2135
2013-12-18;5.50;32.8646;45.2644
2013-12-19;5.50;32.9404;45.3688
2013-12-20;5.50;32.9527;45.0628
2013-12-24;5.50;32.9506;45.0863
2013-12-25;5.50;32.6284;44.652
2013-12-26;5.50;32.6487;44.6438
2013-12-27;5.50;32.671;44.7005
2013-12-31;5.50;32.7292;44.9699
2014-01-10;5.50;33.1547;45.0672
2014-01-14;5.50;33.1204;45.2855
2014-01-15;5.50;33.2386;45.4139
2014-01-16;5.50;33.3562;45.4878
2014-01-17;5.50;33.4013;45.4926
2014-01-21;5.50;33.6429;45.5424
2014-01-22;5.50;33.8161;45.8242
2014-01-23;5.50;33.8688;45.9125
2014-01-24;5.50;34.0334;46.105
2014-01-28;5.50;34.7093;47.4962
2014-01-29;5.50;34.625;47.3739
2014-01-30;5.50;34.5633;47.2238
2014-01-31;5.50;35.2448;48.0951
2014-02-04;5.50;35.2347;47.5351
2014-02-05;5.50;35.4502;47.9535
2014-02-06;5.50;34.9592;47.2159
2014-02-07;5.50;34.7287;46.9497
2014-02-11;5.50;34.7636;47.3758
2014-02-12;5.50;34.7964;47.5319
2014-02-13;5.50;34.7595;47.4154
2014-02-14;5.50;34.8611;47.4913
2014-02-18;5.50;35.0976;48.1188
2014-02-19;5.50;35.2386;48.3086
2014-02-20;5.50;35.5857;48.973
2014-02-21;5.50;35.767;49.1975
2014-02-25;5.50;35.5112;48.7959
2014-02-26;5.50;35.5669;48.8654
2014-02-27;5.50;35.7872;49.1823
2014-02-28;5.50;36.0501;49.3454
2014-03-04;7.00;36.3784;50.1513
2014-03-05;7.00;36.3208;49.952
2014-03-06;7.00;36.0849;49.5446
2014-03-07;7.00;36.1251;49.5925
2014-03-12;7.00;36.4015;50.4707
2014-03-13;7.00;36.4865;50.5593
2014-03-14;7.00;36.4566;50.8096
2014-03-18;7.00;36.6505;50.9442
2014-03-19;7.00;36.4487;50.7621
2014-03-20;7.00;36.207;50.4146
2014-03-21;7.00;36.1081;49.9628
2014-03-25;7.00;36.1663;49.9167
2014-03-26;7.00;35.9316;49.7042
2014-03-27;7.00;35.4494;48.9521
2014-03-28;7.00;35.581;49.0484
2014-04-01;7.00;35.6053;48.968
2014-04-02;7.00;35.024;48.2596
2014-04-03;7.00;35.2517;48.6826
2014-04-04;7.00;35.5154;48.8834
2014-04-08;7.00;35.4679;48.6159
2014-04-09;7.00;35.5475;48.86
2014-04-10;7.00;35.7493;49.2911
2014-04-11;7.00;35.5581;49.2266
2014-04-15;7.00;35.989;49.8232
2014-04-16;7.00;35.9635;49.6836
2014-04-17;7.00;36.0813;49.886
2014-04-18;7.00;35.9287;49.7289
2014-04-22;7.00;35.6688;49.2978
2014-04-23;7.00;35.6785;49.2185
2014-04-24;7.00;35.6625;49.282
2014-04-25;7.00;35.683;49.3175
2014-04-29;7.50;36.0245;49.8219
2014-04-30;7.50;35.6983;49.5064
2014-05-06;7.50;35.8381;49.7361
2014-05-07;7.50;35.655;49.507
2014-05-08;7.50;35.4971;49.412
2014-05-13;7.50;35.2091;48.4759
2014-05-14;7.50;34.8789;48.0073
2014-05-15;7.50;34.709;47.6173
2014-05-16;7.50;34.7005;47.5674
2014-05-20;7.50;34.7394;47.6416
2014-05-21;7.50;34.6007;47.3995
2014-05-22;7.50;34.5078;47.3171
2014-05-23;7.50;34.2802;46.8507
2014-05-27;7.50;34.0771;46.4266
2014-05-28;7.50;34.2571;46.7712
2014-05-29;7.50;34.4895;47.0161
2014-05-30;7.50;34.6481;47.1145
2014-06-03;7.50;34.8887;47.5463
2014-06-04;7.50;35.0115;47.6296
2014-06-05;7.50;35.1398;47.8253
2014-06-06;7.50;34.9043;47.4908
2014-06-10;7.50;34.3303;46.8746
2014-06-11;7.50;34.3681;46.7269
2014-06-17;7.50;34.5654;46.8085
2014-06-18;7.50;34.8095;47.2121
2014-06-19;7.50;34.8232;47.1715
2014-06-20;7.50;34.3025;46.696
2014-06-24;7.50;34.2797;46.6478
2014-06-25;7.50;33.9812;46.2212
2014-06-26;7.50;33.907;46.1576
2014-06-27;7.50;33.7508;46.0226
2014-07-01;7.50;33.8434;46.1827
2014-07-02;7.50;34.2275;46.8335
2014-07-03;7.50;34.2496;46.8398
2014-07-04;7.50;34.1949;46.6863
2014-07-08;7.50;34.5691;46.9448
2014-07-09;7.50;34.4258;46.8122
2014-07-10;7.50;34.0758;46.4146
2014-07-11;7.50;33.8353;46.1649
2014-07-15;7.50;34.3135;46.6835
2014-07-16;7.50;34.3723;46.791
2014-07-17;7.50;34.3853;46.6299
2014-07-18;7.50;34.7998;47.0702
2014-07-22;7.50;35.09;47.5048
2014-07-23;7.50;35.0387;47.3758
2014-07-24;7.50;34.8101;46.8718
2014-07-25;7.50;35.0786;47.1702
2014-07-29;8.00;35.3457;47.4799
2014-07-30;8.00;35.6339;47.8635
2014-07-31;8.00;35.7271;47.8958
2014-08-01;8.00;35.4438;47.4699
2014-08-05;8.00;35.6605;47.8671
2014-08-06;8.00;35.7987;48.049
2014-08-07;8.00;36.1102;48.2432
2014-08-08;8.00;36.2496;48.4947
2014-08-12;8.00;36.0475;48.2856
2014-08-13;8.00;36.089;48.2402
2014-08-14;8.00;36.2222;48.411
2014-08-15;8.00;36.0395;48.1416
2014-08-19;8.00;36.0294;48.2398
2014-08-20;8.00;36.1094;48.2133
2014-08-21;8.00;36.224;48.1924
2014-08-22;8.00;36.3317;48.1686
2014-08-26;8.00;36.1201;47.6641
2014-08-27;8.00;36.1358;47.7282
2014-08-28;8.00;36.1397;47.6177
2014-08-29;8.00;36.3053;47.952
2014-09-02;8.00;37.2945;48.9677
2014-09-03;8.00;37.348;49.0193
2014-09-04;8.00;37.3183;49.0213
2014-09-05;8.00;36.8038;48.3786
2014-09-09;8.00;37.0866;47.9789
2014-09-10;8.00;37.0261;47.7118
2014-09-11;8.00;37.1693;48.0636
2014-09-12;8.00;37.3758;48.2484
2014-09-16;8.00;37.9861;49.1958
2014-09-17;8.00;38.7058;50.0582
2014-09-18;8.00;38.3724;49.6923
2014-09-19;8.00;38.4209;49.4592
2014-09-23;8.00;38.5782;49.6193
2014-09-24;8.00;38.6672;49.6912
2014-09-25;8.00;38.383;49.3145
2014-09-26;8.00;38.3007;48.8449
2014-09-30;8.00;39.3866;49.954
2014-10-01;8.00;39.3836;49.9817
2014-10-02;8.00;39.6604;50.0554
2014-10-03;8.00;39.5474;49.9484
2014-10-07;8.00;39.982;50.0775
2014-10-08;8.00;39.7417;50.2017
2014-10-09;8.00;39.9819;50.5091
2014-10-10;8.00;39.98;50.9585
2014-10-14;8.00;40.3251;51.0798
2014-10-15;8.00;40.5304;51.5141
2014-10-16;8.00;40.9416;51.7829
2014-10-17;8.00;40.7457;52.1504
2014-10-21;8.00;40.8815;52.1198
2014-10-22;8.00;41.0501;52.6468
2014-10-23;8.00;40.9671;52.1388
2014-10-24;8.00;41.4958;52.4424
2014-10-28;8.00;41.9497;53.2342
2014-10-29;8.00;42.3934;53.8693
2014-10-30;8.00;42.6525;54.3393
2014-10-31;8.00;43.3943;54.6378
2014-11-06;9.50;44.3993;55.6234
2014-11-07;9.50;45.1854;56.545
2014-11-11;9.50;45.8926;57.2418
2014-11-12;9.50;45.952;57.0494
2014-11-13;9.50;46.3379;57.8575
2014-11-14;9.50;46.1233;57.4235
2014-11-18;9.50;47.3329;59.3081
2014-11-19;9.50;46.9797;58.6448
2014-11-20;9.50;47.0294;58.909
2014-11-21;9.50;46.7047;58.5817
2014-11-25;9.50;44.7852;55.5336
2014-11-26;9.50;44.9758;55.8779
2014-11-27;9.50;46.4244;57.9052
2014-11-28;9.50;47.6629;59.6215
2014-12-02;9.50;51.8068;64.4425
2014-12-03;9.50;50.7678;63.2414
2014-12-04;9.50;54.3821;67.2652
2014-12-05;9.50;52.6932;64.8443
2014-12-09;9.50;53.3079;65.4248
2014-12-10;9.50;54.2116;66.8809
2014-12-11;9.50;54.2758;67.1989
2014-12-12;10.50;54.7932;68.2942
2014-12-16;17.00;58.3461;72.6642
2014-12-17;17.00;61.1512;76.1516
2014-12-18;17.00;67.7851;84.589
2014-12-19;17.00;59.6029;73.3414
2014-12-23;17.00;56.494;69.2503
2014-12-24;17.00;54.5687;66.7539
2014-12-25;17.00;54.4913;66.4031
2014-12-26;17.00;52.6159;64.3177
2014-12-30;17.00;56.6801;69.059
2014-12-31;17.00;56.2584;68.3427
2015-01-13;17.00;62.7363;74.3551
2015-01-14;17.00;64.8425;76.7735
2015-01-15;17.00;66.0983;77.9629
2015-01-16;17.00;64.8337;76.3352
2015-01-20;17.00;64.9732;75.174
2015-01-21;17.00;64.9862;75.2735
2015-01-22;17.00;65.5558;75.8218
2015-01-23;17.00;65.4;75.7724
2015-01-27;17.00;65.5937;73.5633
2015-01-28;17.00;67.8153;76.2922
2015-01-29;17.00;67.1506;76.2629
2015-01-30;17.00;68.7303;77.569
2015-02-03;15.00;69.664;78.79
2015-02-04;15.00;67.7727;76.8271
2015-02-05;15.00;65.447;75.0415
2015-02-06;15.00;68.6113;77.9356
2015-02-10;15.00;65.7817;74.5833
2015-02-11;15.00;65.4469;74.1382
2015-02-12;15.00;66.0585;74.7386
2015-02-13;15.00;66.0994;74.8311
2015-02-17;15.00;62.6632;71.5426
2015-02-18;15.00;62.8353;71.3243
2015-02-19;15.00;62.4001;71.08
2015-02-20;15.00;62.1307;70.9408
2015-02-25;15.00;63.5083;71.9422
2015-02-26;15.00;62.5906;71.1655
2015-02-27;15.00;60.7109;68.9797
2015-03-03;15.00;62.2248;69.5424
2015-03-04;15.00;62.3649;69.8487
2015-03-05;15.00;61.8745;69.1138
2015-03-06;15.00;61.8457;68.3086
2015-03-11;15.00;60.6649;65.5242
2015-03-12;15.00;62.6797;66.9168
2015-03-13;15.00;60.9595;64.6232
2015-03-17;14.00;62.1497;65.4063
2015-03-18;14.00;61.751;65.4314
2015-03-19;14.00;61.3483;65.0108
2015-03-20;14.00;59.8308;64.1446
2015-03-24;14.00;59.4452;64.1473
2015-03-25;14.00;58.771;64.3425
2015-03-26;14.00;57.3879;62.7651
2015-03-27;14.00;56.4271;62.0811
2015-03-31;14.00;58.4643;63.3695
2015-04-01;14.00;57.65;62.0487
2015-04-02;14.00;58.3536;62.7476
2015-04-03;14.00;56.9902;61.6919
2015-04-07;14.00;56.5161;62.0377
2015-04-08;14.00;55.3328;60.4124
2015-04-09;14.00;54.027;58.7003
2015-04-10;14.00;52.5424;56.5251
2015-04-14;14.00;52.422;55.5201
2015-04-15;14.00;51.9749;54.8387
2015-04-16;14.00;50.5033;53.6598
2015-04-17;14.00;49.6749;52.9087
2015-04-21;14.00;51.5207;55.5496
2015-04-22;14.00;53.9728;57.5998
2015-04-23;14.00;53.6555;57.7226
2015-04-24;14.00;51.6011;55.1255
2015-04-28;14.00;51.469;55.8747
2015-04-29;14.00;52.3041;56.9016
2015-04-30;14.00;51.7029;56.806
2015-05-01;14.00;51.1388;57.1578
2015-05-06;12.50;51.7574;57.4093
2015-05-07;12.50;49.9816;56.1843
2015-05-08;12.50;50.3615;57.2207
2015-05-13;12.50;50.914;57.1102
2015-05-14;12.50;49.5366;55.7138
2015-05-15;12.50;50.0774;57.1383
2015-05-19;12.50;49.2175;56.103
2015-05-20;12.50;49.1777;55.1085
2015-05-21;12.50;49.7919;55.2441
2015-05-22;12.50;49.9204;55.5714
2015-05-26;12.50;49.8613;54.7477
2015-05-27;12.50;50.3223;54.8412
2015-05-28;12.50;51.0178;55.6757
2015-05-29;12.50;52.2907;57.1433
2015-06-02;12.50;52.8213;57.702
2015-06-03;12.50;53.4413;58.6037
2015-06-04;12.50;53.059;59.113
2015-06-05;12.50;54.9908;61.9471
2015-06-09;12.50;56.0435;62.5053
2015-06-10;12.50;55.91;63.0721
2015-06-11;12.50;54.8219;62.2064
2015-06-16;11.50;55.2679;62.1045
2015-06-17;11.50;54.0409;61.104
2015-06-18;11.50;53.8999;60.7452
2015-06-19;11.50;53.3301;60.6417
2015-06-23;11.50;53.5569;60.8567
2015-06-24;11.50;54.2081;61.0546
2015-06-25;11.50;54.0746;60.5852
2015-06-26;11.50;54.6026;61.1986
2015-06-30;11.50;55.524;61.5206
2015-07-01;11.50;55.8413;62.3803
2015-07-02;11.50;55.4756;61.6556
2015-07-03;11.50;55.6555;61.5661
2015-07-07;11.50;56.4112;62.4246
2015-07-08;11.50;57.2192;63.0441
2015-07-09;11.50;57.2174;63.0822
2015-07-10;11.50;56.9803;63.043
2015-07-14;11.50;56.6079;62.9819
2015-07-15;11.50;56.9774;62.6239
2015-07-16;11.50;56.6642;62.3986
2015-07-17;11.50;56.9504;62.1841
2015-07-21;11.50;56.8336;61.6929
2015-07-22;11.50;57.0025;61.7622
2015-07-23;11.50;57.0232;62.3948
2015-07-24;11.50;57.3578;62.933
2015-07-28;11.50;58.7816;65.083
2015-07-29;11.50;60.2231;66.6248
2015-07-30;11.50;59.7665;65.9882
2015-07-31;11.50;58.9906;64.6478
2015-08-04;11.00;62.4677;68.577
2015-08-05;11.00;62.9182;68.9961
2015-08-06;11.00;62.7184;68.1435
2015-08-07;11.00;63.8644;69.6314
2015-08-11;11.00;64.4977;70.754
2015-08-12;11.00;63.2098;69.6762
2015-08-13;11.00;65.0169;72.2078
2015-08-14;11.00;63.9988;71.1475
2015-08-18;11.00;65.5034;72.5712
2015-08-19;11.00;65.8289;72.9187
2015-08-20;11.00;65.7222;72.7085
2015-08-21;11.00;66.9608;74.4738
2015-08-25;11.00;70.7465;81.1533
2015-08-26;11.00;69.9461;80.7248
2015-08-27;11.00;69.3142;79.7252
2015-08-28;11.00;67.4473;76.3369
2015-09-01;11.00;66.7152;74.8478
2015-09-02;11.00;65.3495;73.8449
2015-09-03;11.00;66.6756;75.0901
2015-09-04;11.00;67.0102;75.2659
2015-09-08;11.00;68.4864;76.3692
2015-09-09;11.00;68.7932;76.9246
2015-09-10;11.00;67.6219;75.5742
2015-09-11;11.00;68.4961;76.6951
2015-09-15;11.00;67.9571;77.1313
2015-09-16;11.00;67.1574;75.9013
2015-09-17;11.00;65.9273;74.2407
2015-09-18;11.00;65.3623;73.9378
2015-09-22;11.00;66.1455;74.8304
2015-09-23;11.00;66.1747;73.9568
2015-09-24;11.00;66.041;73.5367
2015-09-25;11.00;66.5151;74.5435
2015-09-29;11.00;65.547;73.2684
2015-09-30;11.00;66.2367;74.5825
2015-10-01;11.00;65.7364;73.776
2015-10-02;11.00;65.0336;72.4865
2015-10-06;11.00;65.6248;73.7951
2015-10-07;11.00;65.0962;72.9468
2015-10-08;11.00;62.7061;70.4691
2015-10-09;11.00;62.2942;70.3052
2015-10-13;11.00;61.1535;69.5499
2015-10-14;11.00;62.2237;70.8977
2015-10-15;11.00;63.1248;72.0506
2015-10-16;11.00;62.2433;71.281
2015-10-20;11.00;61.4419;69.7796
2015-10-21;11.00;62.162;70.529
2015-10-22;11.00;62.6309;71.1738
2015-10-23;11.00;62.7888;71.0895
2015-10-27;11.00;62.5038;69.0104
2015-10-28;11.00;63.5004;70.2124
2015-10-29;11.00;65.3159;72.1479
2015-10-30;11.00;64.1686;70.1427
2015-11-03;11.00;63.7993;70.3961
2015-11-06;11.00;63.3991;68.8261
2015-11-10;11.00;64.6606;69.6136
2015-11-11;11.00;64.3908;69.2394
2015-11-12;11.00;64.5693;69.3797
2015-11-13;11.00;65.4541;70.337
2015-11-17;11.00;66.4607;71.3987
2015-11-18;11.00;65.4799;69.7819
2015-11-19;11.00;64.7785;69.0021
2015-11-20;11.00;64.912;69.339
2015-11-24;11.00;65.5973;69.7037
2015-11-25;11.00;65.621;69.8076
2015-11-26;11.00;65.4789;69.8987
2015-11-27;11.00;65.6836;69.7034
2015-12-01;11.00;66.737;70.6478
2015-12-02;11.00;66.2584;70.1345
2015-12-03;11.00;66.7402;70.8647
2015-12-04;11.00;67.7691;71.7404
2015-12-08;11.00;68.5156;74.4079
2015-12-09;11.00;69.3026;75.3111
2015-12-10;11.00;69.2;75.5595
2015-12-11;11.00;69.2151;76.0674
2015-12-15;11.00;70.2244;76.9659
2015-12-16;11.00;70.8295;78.2312
2015-12-17;11.00;70.4012;77.04
2015-12-18;11.00;70.5806;76.6788
2015-12-22;11.00;71.2553;77.483
2015-12-23;11.00;71.1211;77.6145
2015-12-24;11.00;70.9333;77.5443
2015-12-25;11.00;69.5165;76.0441
2015-12-29;11.00;70.7865;77.6032
2015-12-30;11.00;72.5066;79.547
2015-12-31;11.00;72.8827;79.6972
2016-01-01;11.00;72.9299;79.6395
2016-01-12;11.00;75.9507;82.809
2016-01-13;11.00;76.6041;83.4372
2016-01-14;11.00;76.4275;82.7175
2016-01-15;11.00;76.523;83.1499
2016-01-19;11.00;78.6678;85.622
2016-01-20;11.00;78.4862;85.2988
2016-01-21;11.00;79.4614;87.0341
2016-01-22;11.00;83.5913;91.1814
2016-01-26;11.00;77.7965;84.1603
2016-01-27;11.00;81.8394;88.8858
2016-01-28;11.00;78.9969;85.8459
2016-01-29;11.00;77.3674;84.137
2016-02-02;11.00;76.3264;82.8141
2016-02-03;11.00;77.9273;84.9719
2016-02-04;11.00;79.2593;86.5115
2016-02-05;11.00;76.4609;84.8104
2016-02-09;11.00;76.8614;85.6543
2016-02-10;11.00;78.6805;88.0435
2016-02-11;11.00;79.0689;89.2213
2016-02-12;11.00;79.1144;89.3439
2016-02-16;11.00;77.7792;87.1905
2016-02-17;11.00;76.245;85.0894
2016-02-18;11.00;77.8503;86.9588
2016-02-19;11.00;75.4575;84.0521
2016-02-20;11.00;76.3657;84.9187
2016-02-25;11.00;76.3928;84.0779
2016-02-26;11.00;76.3929;84.2155
2016-03-01;11.00;75.8994;83.1023
2016-03-02;11.00;74.0536;80.5333
2016-03-03;11.00;73.6256;79.9721
2016-03-04;11.00;73.8242;80.21
2016-03-10;11.00;72.3775;79.4488
2016-03-11;11.00;71.0928;77.9817
2016-03-15;11.00;70.1542;78.1798
2016-03-16;11.00;70.5408;78.3285
2016-03-17;11.00;71.0256;78.7532
2016-03-18;11.00;68.5598;77.1572
2016-03-22;11.00;68.8086;77.4647
2016-03-23;11.00;67.7764;76.14
2016-03-24;11.00;67.6409;75.6902
2016-03-25;11.00;68.9328;76.929
2016-03-29;11.00;67.7807;75.6975
2016-03-30;11.00;68.7549;76.8611
2016-03-31;11.00;67.6076;76.5386
2016-04-01;11.00;67.8552;76.9207
2016-04-05;11.00;68.6753;78.1662
2016-04-06;11.00;68.8901;78.2798
2016-04-07;11.00;68.5215;77.813
2016-04-08;11.00;67.796;77.3688
2016-04-12;11.00;67.125;76.4957
2016-04-13;11.00;66.3456;75.8529
2016-04-14;11.00;65.7662;74.6578
2016-04-15;11.00;66.4954;74.794
2016-04-19;11.00;68.2724;77.1273
2016-04-20;11.00;65.6474;74.3719
2016-04-21;11.00;66.0364;75.0107
2016-04-22;11.00;65.0254;73.4592
2016-04-26;11.00;66.6295;74.9515
2016-04-27;11.00;66.4559;74.9024
2016-04-28;11.00;65.1618;73.8023
2016-04-29;11.00;65.1133;73.9166
2016-05-05;11.00;66.1718;76.0512
2016-05-06;11.00;65.8918;75.5713
2016-05-11;11.00;66.3277;75.5406
2016-05-12;11.00;66.2428;75.4505
2016-05-13;11.00;64.9607;74.1137
2016-05-17;11.00;64.8895;73.4549
2016-05-18;11.00;64.5138;73.1006
2016-05-19;11.00;65.0641;73.3077
2016-05-20;11.00;66.211;74.2755
2016-05-24;11.00;67.0475;75.2675
2016-05-25;11.00;67.0493;75.0349
2016-05-26;11.00;65.8949;73.4596
2016-05-27;11.00;65.2062;72.8418
2016-05-31;11.00;66.0825;73.497
2016-06-01;11.00;65.9962;73.4406
2016-06-02;11.00;66.6156;74.2098
2016-06-03;11.00;66.7491;74.8191
2016-06-07;11.00;65.7894;74.6907
2016-06-08;11.00;65.2089;74.1164
2016-06-09;11.00;64.6797;73.5538
2016-06-10;11.00;63.7402;72.5682
2016-06-15;10.50;66.0306;74.3174
2016-06-16;10.50;65.9156;73.9441
2016-06-17;10.50;65.8618;74.246
2016-06-21;10.50;64.1509;72.7792
2016-06-22;10.50;64.1743;72.7865
2016-06-23;10.50;63.7162;71.8082
2016-06-24;10.50;64.3212;72.9016
2016-06-28;10.50;65.0588;71.942
2016-06-29;10.50;64.8095;71.7117
2016-06-30;10.50;64.2575;71.2102
2016-07-01;10.50;64.1755;71.2926
2016-07-05;10.50;63.6844;70.8553
2016-07-06;10.50;64.2676;71.6327
2016-07-07;10.50;64.6304;71.5135
2016-07-08;10.50;64.05;70.9482
2016-07-12;10.50;64.2024;70.8152
2016-07-13;10.50;63.9029;70.9833
2016-07-14;10.50;63.8531;70.5577
2016-07-15;10.50;63.5773;70.5644
2016-07-19;10.50;63.1154;69.7741
2016-07-20;10.50;62.9891;69.6974
2016-07-21;10.50;63.4183;69.6967
2016-07-22;10.50;63.7373;70.3022
2016-07-26;10.50;64.9184;71.209
2016-07-27;10.50;65.7408;72.3478
2016-07-28;10.50;65.9467;72.515
2016-07-29;10.50;66.1125;73.4047
2016-08-02;10.50;65.9553;73.6523
2016-08-03;10.50;66.8816;74.9007
2016-08-04;10.50;66.742;74.7978
2016-08-05;10.50;66.3941;73.9232
2016-08-09;10.50;65.0799;72.1476
2016-08-10;10.50;64.7848;71.7556
2016-08-11;10.50;64.8137;72.2349
2016-08-12;10.50;64.9497;72.4644
2016-08-16;10.50;64.2076;71.7263
2016-08-17;10.50;63.9514;71.9645
2016-08-18;10.50;63.9943;72.0832
2016-08-19;10.50;63.5487;71.9371
2016-08-23;10.50;64.2078;72.4457
2016-08-24;10.50;64.7684;73.4733
2016-08-25;10.50;64.814;73.2074
2016-08-26;10.50;64.9459;73.2135
2016-08-30;10.50;65.081;72.7996
2016-08-31;10.50;64.9072;72.5013
2016-09-01;10.50;65.2535;72.6859
2016-09-02;10.50;65.2566;72.6828
2016-09-06;10.50;64.7644;72.3742
2016-09-07;10.50;64.8306;72.3639
2016-09-08;10.50;64.3804;72.4022
2016-09-09;10.50;63.973;72.0464
2016-09-13;10.50;65.0539;73.1986
2016-09-14;10.50;64.8102;72.7559
2016-09-15;10.50;64.9737;72.946
2016-09-16;10.50;65.217;73.2126
2016-09-20;10.00;64.9173;72.4477
2016-09-21;10.00;64.7513;72.5279
2016-09-22;10.00;64.4424;71.8404
2016-09-23;10.00;63.7942;71.6728
2016-09-27;10.00;64.1506;72.0604
2016-09-28;10.00;63.6921;71.6409
2016-09-29;10.00;63.9509;71.5738
2016-09-30;10.00;63.1581;70.8823
2016-10-04;10.00;62.5477;70.2411
2016-10-05;10.00;62.4323;69.7556
2016-10-06;10.00;62.4583;70.0782
2016-10-07;10.00;62.39;69.8518
2016-10-11;10.00;62.3884;69.7253
2016-10-12;10.00;62.1946;69.1231
2016-10-13;10.00;62.5892;69.1173
2016-10-14;10.00;63.3465;69.7255
2016-10-18;10.00;63.151;69.3587
2016-10-19;10.00;62.89;69.2608
2016-10-20;10.00;62.5841;68.7674
2016-10-21;10.00;62.4194;68.4741
2016-10-25;10.00;62.2349;67.7302
2016-10-26;10.00;62.048;67.4958
2016-10-27;10.00;62.2597;67.9253
2016-10-28;10.00;63.0399;68.7576
2016-11-01;10.00;63.2174;69.2863
2016-11-02;10.00;63.2025;69.3647
2016-11-03;10.00;63.4166;70.2339
2016-11-08;10.00;63.9074;70.6944
2016-11-09;10.00;63.7364;70.4542
2016-11-10;10.00;63.8928;71.3491
2016-11-11;10.00;63.4161;69.3392
2016-11-15;10.00;65.8591;71.0488
2016-11-16;10.00;65.5548;70.6156
2016-11-17;10.00;64.5463;69.2388
2016-11-18;10.00;64.9154;69.4984
2016-11-22;10.00;64.358;68.3611
2016-11-23;10.00;63.6282;67.5413
2016-11-24;10.00;64.0087;68.054
2016-11-25;10.00;64.6279;68.0855
2016-11-29;10.00;64.9153;69.1608
2016-11-30;10.00;64.9449;68.8416
2016-12-01;10.00;65.2382;69.3417
2016-12-02;10.00;63.6807;67.6162
2016-12-06;10.00;63.9242;67.766
2016-12-07;10.00;63.8741;68.6902
2016-12-08;10.00;63.9114;68.5002
2016-12-09;10.00;63.3901;68.2458
2016-12-13;10.00;61.5804;65.072
2016-12-14;10.00;61.069;64.9774
2016-12-15;10.00;60.8079;64.7543
2016-12-16;10.00;61.6368;64.6139
2016-12-20;10.00;61.7931;64.6727
2016-12-21;10.00;61.7967;64.2006
2016-12-22;10.00;61.1092;63.6086
2016-12-23;10.00;60.8641;63.5604
2016-12-27;10.00;60.9084;63.7285
2016-12-28;10.00;60.8587;63.573
2016-12-29;10.00;60.6669;63.4879
2016-12-30;10.00;60.273;63.0214
2017-01-10;10.00;59.8961;63.1125
2017-01-11;10.00;59.9533;63.5445
2017-01-12;10.00;60.1614;63.5184
2017-01-13;10.00;59.4978;63.2759
2017-01-17;10.00;59.6067;63.2308
2017-01-18;10.00;59.4015;63.2864
2017-01-19;10.00;59.183;63.2252
2017-01-20;10.00;59.3521;63.1803
2017-01-24;10.00;59.5034;63.9424
2017-01-25;10.00;59.2168;63.6225
2017-01-26;10.00;59.1489;63.4254
2017-01-27;10.00;59.6356;64.0248
2017-01-31;10.00;60.1618;64.4333
2017-02-01;10.00;60.0851;64.285
2017-02-02;10.00;60.3099;65.0322
2017-02-03;10.00;59.9858;64.7307
2017-02-07;10.00;58.7121;63.1566
2017-02-08;10.00;59.1933;63.2362
2017-02-09;10.00;59.5129;63.4467
2017-02-10;10.00;59.0235;63.0253
2017-02-14;10.00;58.0619;61.7662
2017-02-15;10.00;57.7388;61.2955
2017-02-16;10.00;56.7719;60.0249
2017-02-17;10.00;57.1507;60.654
2017-02-21;10.00;58.0967;61.6987
2017-02-22;10.00;57.859;61.209
2017-02-28;10.00;57.9371;61.2569
2017-03-01;10.00;57.9627;61.3883
2017-03-02;10.00;58.3776;61.5417
2017-03-03;10.00;58.4067;61.5198
2017-03-07;10.00;58.337;61.8606
2017-03-10;10.00;58.8318;61.9911
2017-03-14;10.00;59.1327;63.2661
2017-03-15;10.00;58.954;62.7447
2017-03-16;10.00;59.1128;62.8428
2017-03-17;10.00;58.2437;62.4897
2017-03-21;10.00;57.2847;61.6956
2017-03-22;10.00;57.2323;61.7308
2017-03-23;10.00;57.636;62.2699
2017-03-24;10.00;57.5228;62.0959
2017-03-28;9.75;57.0233;61.9615
2017-03-29;9.75;56.9364;61.8102
2017-03-30;9.75;57.0241;61.5347
2017-03-31;9.75;56.3779;60.595
2017-04-04;9.75;56.1396;59.8953
2017-04-05;9.75;56.5553;60.2427
2017-04-06;9.75;55.894;59.6948
2017-04-07;9.75;56.4369;60.0827
2017-04-11;9.75;57.3896;60.7469
2017-04-12;9.75;56.9552;60.3042
2017-04-13;9.75;56.7556;60.2631
2017-04-14;9.75;56.6019;60.2867
2017-04-18;9.75;56.2505;59.8393
2017-04-19;9.75;55.9793;59.6124
2017-04-20;9.75;56.1753;60.2649
2017-04-21;9.75;56.4165;60.6139
2017-04-25;9.75;56.0794;60.8461
2017-04-26;9.75;55.8453;60.7932
2017-04-27;9.75;56.3131;61.5052
2017-04-28;9.75;56.9707;62.1664
2017-05-03;9.25;56.9518;62.1515
2017-05-04;9.25;57.0927;62.3224
2017-05-05;9.25;57.5714;62.7298
2017-05-11;9.25;58.0824;63.2634
2017-05-12;9.25;57.1161;62.1595
2017-05-16;9.25;56.5258;61.8449
2017-05-17;9.25;56.2603;62.0382
2017-05-18;9.25;56.7383;62.9568
2017-05-19;9.25;57.4683;63.9967
2017-05-23;9.25;56.4988;63.1713
2017-05-24;9.25;56.5552;63.6189
2017-05-25;9.25;56.2743;62.9203
2017-05-26;9.25;56.0701;63.0116
2017-05-30;9.25;56.7106;63.3684
2017-05-31;9.25;56.5168;62.9484
2017-06-01;9.25;56.6876;63.4107
2017-06-02;9.25;56.5373;63.531
2017-06-06;9.25;56.6152;63.811
2017-06-07;9.25;56.6747;63.7817
2017-06-08;9.25;56.5878;63.7179
2017-06-09;9.25;56.9857;64.1488
2017-06-14;9.25;56.9096;63.7729
2017-06-15;9.25;57.0303;63.9481
2017-06-16;9.25;57.4437;64.2795
2017-06-20;9.00;57.9585;64.8614
2017-06-21;9.00;58.5786;65.321
2017-06-22;9.00;60;66.798
2017-06-23;9.00;60.1482;67.1495
2017-06-27;9.00;59.0014;66.0816
2017-06-28;9.00;58.8843;65.9563
2017-06-29;9.00;59.5415;67.6868
2017-06-30;9.00;59.0855;67.4993
2017-07-04;9.00;58.9695;67.2016
2017-07-05;9.00;59.2295;67.2966
2017-07-06;9.00;59.5787;67.6754
2017-07-07;9.00;60.2426;68.3814
2017-07-11;9.00;60.3014;68.7737
2017-07-12;9.00;60.7397;69.2007
2017-07-13;9.00;60.6227;69.4494
2017-07-14;9.00;60.1836;68.8139
2017-07-18;9.00;59.0657;67.6184
2017-07-19;9.00;59.3705;68.4008
2017-07-20;9.00;59.2418;68.2762
2017-07-21;9.00;59.0823;68.0037
2017-07-25;9.00;59.6572;69.4708
2017-07-26;9.00;59.8185;69.7005
2017-07-27;9.00;59.9102;69.6816
2017-07-28;9.00;59.4102;69.6406
2017-08-01;9.00;60.0633;70.4603
2017-08-02;9.00;59.8454;70.7313
2017-08-03;9.00;60.5819;71.6866
2017-08-04;9.00;60.7503;71.9527
2017-08-08;9.00;60.0605;70.8414
2017-08-09;9.00;59.9886;70.8405
2017-08-10;9.00;59.9611;70.4183
2017-08-11;9.00;59.9298;70.2677
2017-08-15;9.00;59.799;70.6645
2017-08-16;9.00;59.9266;70.3718
2017-08-17;9.00;59.6521;69.9958
2017-08-18;9.00;59.249;69.6531
2017-08-22;9.00;59.1409;69.4314
2017-08-23;9.00;59.0396;69.59
2017-08-24;9.00;59.1312;69.5619
2017-08-25;9.00;59.1397;69.7434
2017-08-29;9.00;58.5469;69.8465
2017-08-30;9.00;58.532;70.4316
2017-08-31;9.00;58.7306;70.2007
2017-09-01;9.00;58.5454;69.6222
2017-09-05;9.00;57.7817;68.7256
2017-09-06;9.00;57.8503;68.7782
2017-09-07;9.00;57.3387;68.4165
2017-09-08;9.00;57.1411;68.2436
2017-09-12;9.00;57.1694;68.649
2017-09-13;9.00;57.2656;68.5469
2017-09-14;9.00;57.6679;69.0977
2017-09-15;9.00;57.7706;68.695
2017-09-19;8.50;57.6242;68.7514
2017-09-20;8.50;58.0993;69.6785
2017-09-21;8.50;58.129;69.7664
2017-09-22;8.50;58.2242;69.2635
2017-09-26;8.50;57.566;68.5553
2017-09-27;8.50;57.5186;68.0215
2017-09-28;8.50;58.0102;68.1678
2017-09-29;8.50;58.4255;68.6441
2017-10-03;8.50;57.8134;67.9076
2017-10-04;8.50;57.9375;67.9839
2017-10-05;8.50;57.7832;67.9357
2017-10-06;8.50;57.5811;67.7787
2017-10-10;8.50;58.3151;68.3861
2017-10-11;8.50;58.0713;68.3557
2017-10-12;8.50;57.921;68.5032
2017-10-13;8.50;57.6869;68.4455
2017-10-17;8.50;57.0861;67.2988
2017-10-18;8.50;57.3392;67.4596
2017-10-19;8.50;57.2721;67.3577
2017-10-20;8.50;57.5706;67.9333
2017-10-24;8.50;57.4706;67.5567
2017-10-25;8.50;57.5852;67.6856
2017-10-26;8.50;57.614;67.7713
2017-10-27;8.50;57.7643;68.289
2017-10-31;8.25;57.8716;67.2179
2017-11-01;8.25;58.1179;67.6434
2017-11-02;8.25;58.1557;67.7107
2017-11-03;8.25;58.0869;67.677
2017-11-08;8.25;58.4557;67.7677
2017-11-09;8.25;59.248;68.704
2017-11-10;8.25;59.2527;68.7865
2017-11-14;8.25;59.1823;68.9178
2017-11-15;8.25;59.6207;69.6787
2017-11-16;8.25;60.249;71.1721
2017-11-17;8.25;59.9898;70.704
2017-11-21;8.25;59.2746;69.6654
2017-11-22;8.25;59.4604;69.8184
2017-11-23;8.25;59.0061;69.403
2017-11-24;8.25;58.4622;69.1783
2017-11-28;8.25;58.2773;69.4957
2017-11-29;8.25;58.4125;69.4934
2017-11-30;8.25;58.3311;69.204
2017-12-01;8.25;58.5814;69.5185
2017-12-05;8.25;58.9911;69.9104
2017-12-06;8.25;58.6924;69.6327
2017-12-07;8.25;58.9281;69.706
2017-12-08;8.25;59.2948;69.9323
2017-12-12;8.25;59.2348;69.8023
2017-12-13;8.25;58.837;69.2982
2017-12-14;8.25;59.1446;69.4653
2017-12-15;8.25;58.7082;69.4048
2017-12-19;7.75;58.694;69.0946
2017-12-20;7.75;58.6117;69.1735
2017-12-21;7.75;58.717;69.5033
2017-12-22;7.75;58.5596;69.522
2017-12-26;7.75;58.1989;69.0937
2017-12-27;7.75;57.7343;68.5422
2017-12-28;7.75;57.4544;68.2328
2017-12-29;7.75;57.6291;68.7861
2018-01-10;7.75;57.0463;68.2103
2018-01-11;7.75;56.8734;67.8841
2018-01-12;7.75;56.9957;68.0586
2018-01-16;7.75;56.3569;68.8174
2018-01-17;7.75;56.3878;69.0243
2018-01-18;7.75;56.5925;69.173
2018-01-19;7.75;56.7597;69.2582
2018-01-23;7.75;56.6261;69.265
2018-01-24;7.75;56.4115;69.0702
2018-01-25;7.75;56.3888;69.4484
2018-01-26;7.75;55.9288;69.458
2018-01-30;7.75;56.2908;69.8513
2018-01-31;7.75;56.2914;69.5424
2018-02-01;7.75;56.184;69.9322
2018-02-02;7.75;56.2613;69.7921
2018-02-06;7.75;56.6278;70.4959
2018-02-07;7.75;57.2196;70.9294
2018-02-08;7.75;56.9533;70.531
2018-02-09;7.75;57.6736;70.7713
2018-02-13;7.50;58.0171;71.245
2018-02-14;7.50;57.7701;71.167
2018-02-15;7.50;57.5899;71.2329
2018-02-16;7.50;56.5918;70.6718
2018-02-20;7.50;56.3438;69.9001
2018-02-21;7.50;56.5201;69.8928
2018-02-22;7.50;56.6537;69.8087
2018-02-27;7.50;55.9208;68.9224
2018-02-28;7.50;55.6717;68.6599
2018-03-01;7.50;56.3742;68.9062
2018-03-02;7.50;56.4334;68.8826
2018-03-06;7.50;57.1;70.1702
2018-03-07;7.50;56.5041;69.7317
2018-03-13;7.50;56.6122;69.7972
2018-03-14;7.50;56.9359;70.1564
2018-03-15;7.50;56.9372;70.5338
2018-03-16;7.50;57.0188;70.5151
2018-03-20;7.50;57.5521;70.6049
2018-03-21;7.50;57.7033;71.2347
2018-03-22;7.50;57.4954;70.5699
2018-03-23;7.50;56.8391;70.31
2018-03-27;7.25;57.0039;70.5708
2018-03-28;7.25;57.1747;71.2625
2018-03-29;7.25;57.5598;71.3339
2018-03-30;7.25;57.7626;71.0942
2018-04-03;7.25;57.285;70.6038
2018-04-04;7.25;57.5375;70.9207
2018-04-05;7.25;57.7646;70.958
2018-04-06;7.25;57.5796;70.5926
2018-04-10;7.25;58.5714;71.8847
2018-04-11;7.25;62.3699;76.8522
2018-04-12;7.25;64.0626;79.2839
2018-04-13;7.25;62.0659;76.7569
2018-04-17;7.25;62.2794;76.8403
2018-04-18;7.25;61.1454;75.8448
2018-04-19;7.25;61.5539;76.0868
2018-04-20;7.25;60.8583;75.4034
2018-04-24;7.25;61.7655;75.7924
2018-04-25;7.25;61.6644;75.2121
2018-04-26;7.25;61.7494;75.3281
2018-04-27;7.25;62.6027;76.1812
2018-04-28;7.25;62.726;75.7605
2018-05-04;7.25;63.486;76.1261
2018-05-08;7.25;62.7148;74.8125
2018-05-11;7.25;62.5229;74.1772
2018-05-15;7.25;61.7684;73.943
2018-05-16;7.25;61.9164;73.8601
2018-05-17;7.25;62.3033;73.7796
2018-05-18;7.25;61.8215;73.0236
2018-05-22;7.25;62.5327;73.3321
2018-05-23;7.25;61.261;72.239
2018-05-24;7.25;61.5945;72.1826
2018-05-25;7.25;61.409;72.0082
2018-05-29;7.25;62.271;72.8322
2018-05-30;7.25;62.642;72.5269
2018-05-31;7.25;62.5937;72.5211
2018-06-01;7.25;62.0188;72.5806
2018-06-05;7.25;61.929;72.4384
2018-06-06;7.25;61.9822;72.513
2018-06-07;7.25;62.0064;72.8637
2018-06-08;7.25;61.8125;73.0686
2018-06-09;7.25;62.668;73.7916
2018-06-14;7.25;63.1164;74.1365
2018-06-15;7.25;62.2511;73.5621
2018-06-19;7.25;63.4838;73.4825
2018-06-20;7.25;64.0683;74.1847
2018-06-21;7.25;63.6175;73.6118
2018-06-22;7.25;63.7873;73.6871
2018-06-26;7.25;62.9497;73.3112
2018-06-27;7.25;62.7908;73.4087
2018-06-28;7.25;63.1359;73.6038
2018-06-29;7.25;63.291;73.0884
2018-07-03;7.25;63.1394;73.469
2018-07-04;7.25;63.2194;73.7012
2018-07-05;7.25;63.2267;73.7097
2018-07-06;7.25;63.2604;73.9641
2018-07-10;7.25;62.8338;73.9365
2018-07-11;7.25;62.4442;73.347
2018-07-12;7.25;62.098;72.8472
2018-07-13;7.25;62.2062;72.6817
2018-07-17;7.25;62.2556;72.7955
2018-07-18;7.25;62.4352;73.2427
2018-07-19;7.25;62.9006;73.1345
2018-07-20;7.25;63.2746;73.4808
2018-07-24;7.25;63.1957;74.1286
2018-07-25;7.25;62.9235;73.5261
2018-07-26;7.25;63.0836;73.751
2018-07-27;7.25;62.9471;73.8181
2018-07-31;7.25;62.7805;73.2021
2018-08-01;7.25;62.3497;73.0738
2018-08-02;7.25;62.559;73.1064
2018-08-03;7.25;63.1358;73.4206
2018-08-07;7.25;63.4975;73.4095
2018-08-08;7.25;63.5425;73.5632
2018-08-09;7.25;63.595;73.8211
2018-08-10;7.25;66.2856;76.825
2018-08-14;7.25;68.2234;77.6519
2018-08-15;7.25;66.7535;76.2325
2018-08-16;7.25;66.3772;75.2253
2018-08-17;7.25;66.8932;76.0576
2018-08-21;7.25;67.1807;76.7204
2018-08-22;7.25;67.1783;77.3491
2018-08-23;7.25;67.6163;78.1983
2018-08-24;7.25;68.5259;79.2502
2018-08-28;7.25;67.3963;78.2269
2018-08-29;7.25;67.3911;78.76
2018-08-30;7.25;68.1451;79.5594
2018-08-31;7.25;68.0821;79.6765
2018-09-04;7.25;67.7443;78.6376
2018-09-05;7.25;68.2737;79.02
2018-09-06;7.25;68.4628;79.1362
2018-09-07;7.25;68.2505;79.3685
2018-09-11;7.25;69.8685;80.6702
2018-09-12;7.25;69.9744;81.3942
2018-09-13;7.25;69.5728;80.6488
2018-09-14;7.25;68.637;79.7699
2018-09-18;7.50;68.1958;79.3595
2018-09-19;7.50;67.7519;79.1749
2018-09-20;7.50;67.0098;78.3613
2018-09-21;7.50;66.4725;77.7529
2018-09-25;7.50;66.1594;77.6844
2018-09-26;7.50;65.8244;77.3832
2018-09-27;7.50;65.7585;77.3846
2018-09-28;7.50;65.8355;77.0407
2018-10-02;7.50;65.5745;75.9877
2018-10-03;7.50;65.2221;75.2272
2018-10-04;7.50;65.4244;75.7353
2018-10-05;7.50;66.2115;76.0505
2018-10-09;7.50;66.9685;76.987
2018-10-10;7.50;66.4032;76.211
2018-10-11;7.50;66.1832;76.071
2018-10-12;7.50;66.7727;77.0824
2018-10-16;7.50;65.7508;76.054
2018-10-17;7.50;65.5305;75.9236
2018-10-18;7.50;65.4026;75.6512
2018-10-19;7.50;65.7238;75.5692
2018-10-23;7.50;65.3065;75.3702
2018-10-24;7.50;65.3101;74.8584
2018-10-25;7.50;65.6299;75.0806
2018-10-26;7.50;65.7476;74.9851
2018-10-30;7.50;65.8129;75.0399
2018-10-31;7.50;65.7742;74.7918
2018-11-01;7.50;65.5962;74.4189
2018-11-02;7.50;65.6517;74.5803
2018-11-07;7.50;65.9912;75.3158
2018-11-08;7.50;66.0918;75.6817
2018-11-09;7.50;66.2155;75.6711
2018-11-13;7.50;67.5238;76.0926
2018-11-14;7.50;67.6812;76.0737
2018-11-15;7.50;67.9975;76.7556
2018-11-16;7.50;66.6159;75.5358
2018-11-20;7.50;66.0081;75.3218
2018-11-21;7.50;65.5871;75.1825
2018-11-22;7.50;65.9485;75.1483
2018-11-23;7.50;65.6067;74.8048
2018-11-27;7.50;66.5072;75.5655
2018-11-28;7.50;66.78;75.6217
2018-11-29;7.50;66.9436;75.5191
2018-11-30;7.50;66.6342;75.8897
2018-12-04;7.50;66.2921;75.3874
2018-12-05;7.50;66.4467;75.6562
2018-12-06;7.50;66.8242;75.7051
2018-12-07;7.50;66.7377;75.6071
2018-12-11;7.50;66.2416;75.7075
2018-12-12;7.50;66.5022;75.6197
2018-12-13;7.50;66.4225;75.2168
2018-12-14;7.50;66.255;75.3916
2018-12-18;7.75;66.6208;75.3814
2018-12-19;7.75;66.7454;75.7761
2018-12-20;7.75;67.1121;76.4742
2018-12-21;7.75;67.371;76.9377
2018-12-25;7.75;68.4073;77.8886
2018-12-26;7.75;68.7448;78.4309
2018-12-27;7.75;68.8865;78.5237
2018-12-28;7.75;68.8762;78.388
2019-01-10;7.75;67.0795;76.9066
2019-01-11;7.75;66.8605;77.2105
2019-01-15;7.75;67.192;77.0692
2019-01-16;7.75;67.082;76.9498
2019-01-17;7.75;66.7617;76.135
2019-01-18;7.75;66.4438;75.633
2019-01-22;7.75;66.3634;75.5481
2019-01-23;7.75;66.5499;75.5541
2019-01-24;7.75;66.3318;75.3861
2019-01-25;7.75;66.0016;75.0306
2019-01-29;7.75;65.93;75.1932
2019-01-30;7.75;66.3412;75.8811
2019-01-31;7.75;66.0987;75.5706
2019-02-01;7.75;65.3577;75.2006
2019-02-05;7.75;65.5859;75.0565
2019-02-06;7.75;65.5691;74.9127
2019-02-07;7.75;65.6686;74.7703
2019-02-08;7.75;66.0199;74.9656
2019-02-12;7.75;65.6517;74.3243
2019-02-13;7.75;65.7147;74.1459
2019-02-14;7.75;65.6783;74.3872
2019-02-15;7.75;66.5429;75.0471
2019-02-19;7.75;66.247;74.9055
2019-02-20;7.75;66.2022;74.8151
2019-02-21;7.75;65.8568;74.6816
2019-02-22;7.75;65.5401;74.2963
2019-02-26;7.75;65.2582;74.0876
2019-02-27;7.75;65.6182;74.4898
2019-02-28;7.75;65.757;74.8249
2019-03-01;7.75;65.8895;74.9691
2019-03-05;7.75;65.7956;74.7438
2019-03-06;7.75;65.8004;74.5058
2019-03-07;7.75;65.843;74.4158
2019-03-12;7.75;66.0763;74.2896
2019-03-13;7.75;65.7674;74.0672
2019-03-14;7.75;65.589;74.0237
2019-03-15;7.75;65.4021;74.0613
2019-03-19;7.75;64.6694;73.361
2019-03-20;7.75;64.3167;72.9995
2019-03-21;7.75;64.2803;72.9389
2019-03-22;7.75;63.742;72.787
2019-03-26;7.75;64.4993;72.9229
2019-03-27;7.75;64.1683;72.5808
2019-03-28;7.75;64.5925;72.7182
2019-03-29;7.75;64.8012;72.8884
2019-04-02;7.75;65.4176;73.4967
2019-04-03;7.75;65.4726;73.3162
2019-04-04;7.75;65.1639;73.1725
2019-04-05;7.75;65.3281;73.4223
2019-04-09;7.75;65.3498;73.3617
2019-04-10;7.75;64.7766;72.9708
2019-04-11;7.75;64.7373;72.946
2019-04-12;7.75;64.3991;72.6551
2019-04-16;7.75;64.2469;72.7018
2019-04-17;7.75;64.2422;72.6515
2019-04-18;7.75;63.945;72.3602
2019-04-19;7.75;64.0688;72.244
2019-04-23;7.75;63.786;71.721
2019-04-24;7.75;63.7906;71.7453
2019-04-25;7.75;63.9798;71.715
2019-04-26;7.75;64.6794;72.1111
2019-04-30;7.75;64.6917;72.2024
2019-05-07;7.75;65.335;73.1099
2019-05-08;7.75;65.2166;73.0817
2019-05-14;7.75;65.4703;73.5231
2019-05-15;7.75;65.3001;73.3712
2019-05-16;7.75;64.8489;72.6891
2019-05-17;7.75;64.5598;72.3651
2019-05-21;7.75;64.4888;71.9631
2019-05-22;7.75;64.5372;71.9654
2019-05-23;7.75;64.4156;71.8427
2019-05-24;7.75;64.4913;71.8369
2019-05-28;7.75;64.4636;72.1863
2019-05-29;7.75;64.5394;72.168
2019-05-30;7.75;64.9084;72.4118
2019-05-31;7.75;65.0583;72.4229
2019-06-04;7.75;65.5547;73.218
2019-06-05;7.75;65.1614;73.4239
2019-06-06;7.75;65.1243;73.369
2019-06-07;7.75;65.234;73.2708
2019-06-11;7.75;64.7919;73.2148
2019-06-12;7.75;64.5158;73.0448
2019-06-14;7.75;64.6314;73.0141
2019-06-18;7.50;64.3187;72.1077
2019-06-19;7.50;64.3352;72.2291
2019-06-20;7.50;63.9794;71.6377
2019-06-21;7.50;63.3877;71.5457
2019-06-25;7.50;62.9095;71.5973
2019-06-26;7.50;62.5229;71.2323
2019-06-27;7.50;62.8083;71.3816
2019-06-28;7.50;63.0452;71.6635
2019-07-02;7.50;63.0541;71.3962
2019-07-03;7.50;63.2265;71.408
2019-07-04;7.50;63.4951;71.6034
2019-07-05;7.50;63.4013;71.542
2019-07-09;7.50;63.8699;71.7067
2019-07-10;7.50;63.766;71.4626
2019-07-11;7.50;63.7988;71.5631
2019-07-12;7.50;62.9944;71.0073
2019-07-16;7.50;62.828;70.8574
2019-07-17;7.50;62.8129;70.6771
2019-07-18;7.50;62.9451;70.5552
2019-07-19;7.50;62.8286;70.6068
2019-07-23;7.50;62.9776;70.6546
2019-07-24;7.50;63.129;70.635
2019-07-25;7.50;63.1162;70.3241
2019-07-26;7.50;63.1572;70.294
2019-07-30;7.25;63.521;70.6417
2019-07-31;7.25;63.3791;70.598
2019-08-01;7.25;63.4172;70.7355
2019-08-02;7.25;63.834;70.4727
2019-08-06;7.25;65.0546;72.3732
2019-08-07;7.25;65.203;73.073
2019-08-08;7.25;65.0932;72.8914
2019-08-09;7.25;65.1299;73.0432
2019-08-13;7.25;65.4287;73.1231
2019-08-14;7.25;65.6017;73.4149
2019-08-15;7.25;65.2032;72.9037
2019-08-16;7.25;65.8907;73.455
2019-08-20;7.25;66.6082;73.9484
2019-08-21;7.25;66.784;73.9766
2019-08-22;7.25;66.263;73.4989
2019-08-23;7.25;65.6196;72.8312
2019-08-27;7.25;65.9735;73.3955
2019-08-28;7.25;66.2608;73.6091
2019-08-29;7.25;66.4127;73.6583
2019-08-30;7.25;66.7471;73.9558
2019-09-03;7.25;66.6235;73.1726
2019-09-04;7.25;66.9072;73.2032
2019-09-05;7.25;66.5002;73.0638
2019-09-06;7.25;66.0528;72.8761
2019-09-10;7.00;65.5698;72.33
2019-09-11;7.00;65.4393;72.3039
2019-09-12;7.00;65.4321;72.224
2019-09-13;7.00;65.1909;71.8273
2019-09-17;7.00;63.8272;70.6695
2019-09-18;7.00;64.1213;70.604
2019-09-19;7.00;64.429;71.2391
2019-09-20;7.00;64.2199;70.9373
2019-09-24;7.00;63.9453;70.2759
2019-09-25;7.00;63.706;70.0193
2019-09-26;7.00;64.1873;70.5868
2019-09-27;7.00;64.2888;70.3834
2019-10-01;7.00;64.6407;70.7169
2019-10-02;7.00;65.067;70.8449
2019-10-03;7.00;65.4399;71.4669
2019-10-04;7.00;65.1312;71.2991
2019-10-08;7.00;64.8259;71.1464
2019-10-09;7.00;64.8672;71.2372
2019-10-10;7.00;65.0976;71.4511
2019-10-11;7.00;64.7416;71.2999
2019-10-15;7.00;64.3652;70.9305
2019-10-16;7.00;64.2548;70.8473
2019-10-17;7.00;64.3455;71.0503
2019-10-18;7.00;64.0144;70.9023
2019-10-22;7.00;63.7606;71.1696
2019-10-23;7.00;63.6336;70.9196
2019-10-24;7.00;63.7997;70.9644
2019-10-25;7.00;63.86;71.14
2019-10-29;6.50;63.87;70.8382
2019-10-30;6.50;63.832;70.7769
2019-10-31;6.50;63.8734;71.0081
2019-11-01;6.50;63.7748;71.1918
2019-11-06;6.50;63.248;70.4203
2019-11-07;6.50;63.588;70.4301
2019-11-08;6.50;63.7298;70.5489
2019-11-12;6.50;63.9121;70.4759
2019-11-13;6.50;63.853;70.4235
2019-11-14;6.50;64.2009;70.6724
2019-11-15;6.50;64.2101;70.6761
2019-11-19;6.50;63.7542;70.5313
2019-11-20;6.50;63.773;70.6286
2019-11-21;6.50;64.0213;70.8524
2019-11-22;6.50;63.843;70.6997
2019-11-26;6.50;63.7637;70.3122
2019-11-27;6.50;64.0239;70.5159
2019-11-28;6.50;63.9722;70.4398
2019-11-29;6.50;64.1005;70.5747
2019-12-03;6.50;64.4097;70.973
2019-12-04;6.50;64.1401;71.0608
2019-12-05;6.50;64.1948;71.1086
2019-12-06;6.50;63.8135;70.7245
2019-12-10;6.50;63.7244;70.5047
2019-12-11;6.50;63.5788;70.3881
2019-12-12;6.50;63.5653;70.4558
2019-12-13;6.50;63.2257;70.4271
2019-12-17;6.25;62.7686;69.9431
2019-12-18;6.25;62.5326;69.6801
2019-12-19;6.25;62.5831;69.6925
2019-12-20;6.25;62.5283;69.5877
2019-12-24;6.25;62.2499;68.9978
2019-12-25;6.25;62.1673;68.9062
2019-12-26;6.25;61.7164;68.4065
2019-12-27;6.25;61.7676;68.5003
2019-12-31;6.25;61.9057;69.3406
2020-01-10;6.25;61.234;68.0555
2020-01-14;6.25;60.9474;67.8162
2020-01-15;6.25;61.414;68.4213
2020-01-16;6.25;61.4328;68.3747
2020-01-17;6.25;61.5694;68.656
2020-01-21;6.25;61.4654;68.2082
2020-01-22;6.25;61.8552;68.6222
2020-01-23;6.25;61.8343;68.5186
2020-01-24;6.25;61.9515;68.6856
2020-01-28;6.25;62.338;68.7775
2020-01-29;6.25;62.8299;69.226
2020-01-30;6.25;62.3934;68.6764
2020-01-31;6.25;63.0359;69.4151
2020-02-04;6.25;63.9091;70.7921
2020-02-05;6.25;63.4342;70.1265
2020-02-06;6.25;63.1742;69.7443
2020-02-07;6.25;62.7977;69.0837
2020-02-11;6.00;63.7708;69.8226
2020-02-12;6.00;63.949;69.7684
2020-02-13;6.00;63.047;68.7843
2020-02-14;6.00;63.6016;69.1795
2020-02-18;6.00;63.3085;68.6201
2020-02-19;6.00;63.7698;69.0882
2020-02-20;6.00;63.6873;68.7823
2020-02-21;6.00;63.7413;68.7705
2020-02-26;6.00;64.9213;70.4591
2020-02-27;6.00;65.5177;71.2439
2020-02-28;6.00;65.6097;71.6458
2020-03-03;6.00;66.3274;73.4178
2020-03-04;6.00;66.4437;73.9385
2020-03-05;6.00;66.0784;73.7369
2020-03-06;6.00;66.1854;73.6842
2020-03-11;6.00;72.0208;81.8588
2020-03-12;6.00;71.472;81.0207
2020-03-13;6.00;74.0274;83.6584
2020-03-17;6.00;74.1262;82.7471
2020-03-18;6.00;73.8896;82.3056
2020-03-19;6.00;77.2131;84.8881
2020-03-20;6.00;80.157;87.2669
2020-03-24;6.00;80.8815;86.705
2020-03-25;6.00;78.8493;85.4253
2020-03-26;6.00;77.7928;84.1485
2020-03-27;6.00;78.7223;85.9648
2020-04-07;6.00;76.4074;82.6346
2020-04-08;6.00;75.455;82.012
2020-04-09;6.00;75.7499;82.2341
2020-04-10;6.00;74.605;81.0882
2020-04-14;6.00;73.5245;80.5387
2020-04-15;6.00;73.315;80.1186
2020-04-16;6.00;73.7145;80.6731
2020-04-17;6.00;74.7119;81.2791
2020-04-21;6.00;74.6657;81.1019
2020-04-22;6.00;76.2562;82.616
2020-04-23;6.00;77.0416;83.6826
2020-04-24;6.00;75.129;81.1468
2020-04-28;5.50;74.496;80.7611
2020-04-29;5.50;74.5706;80.7749
2020-04-30;5.50;73.6894;80.0488
2020-05-07;5.50;73.9719;80.0598
2020-05-08;5.50;74.1169;80.0611
2020-05-13;5.50;73.4326;79.4394
2020-05-14;5.50;73.5819;79.7775
2020-05-15;5.50;73.9298;79.9033
2020-05-19;5.50;72.9798;78.9422
2020-05-20;5.50;72.3918;79.1677
2020-05-21;5.50;72.3381;79.1813
2020-05-22;5.50;70.924;77.7965
2020-05-26;5.50;71.5962;77.8823
2020-05-27;5.50;71.1408;77.7854
2020-05-28;5.50;71.0635;77.9069
2020-05-29;5.50;71.1012;78.2611
2020-06-02;5.50;69.7114;77.6376
2020-06-03;5.50;68.9831;76.7782
2020-06-04;5.50;68.3413;76.6243
2020-06-05;5.50;69.0151;77.3245
2020-06-09;5.50;68.3123;77.1861
2020-06-10;5.50;68.6745;77.3481
2020-06-11;5.50;68.6183;77.9229
2020-06-16;5.50;70.395;79.1451
2020-06-17;5.50;69.7524;79.0434
2020-06-18;5.50;69.4822;78.3829
2020-06-19;5.50;69.618;78.2924
2020-06-23;4.50;69.4835;77.8285
2020-06-25;4.50;68.8376;77.759
2020-06-26;4.50;69.466;78.0589
2020-06-30;4.50;69.9513;78.6812
2020-07-02;4.50;70.4413;79.1901
2020-07-03;4.50;70.5198;79.5181
2020-07-07;4.50;71.3409;80.5581
2020-07-08;4.50;72.1719;81.4676
2020-07-09;4.50;71.2379;80.4062
2020-07-10;4.50;70.88;80.4134
2020-07-14;4.50;70.7479;80.0937
2020-07-15;4.50;71.1275;80.623
2020-07-16;4.50;70.7998;80.8392
2020-07-17;4.50;71.231;81.2318
2020-07-21;4.50;71.9628;82.3902
2020-07-22;4.50;70.9668;81.2499
2020-07-23;4.50;70.7881;81.5904
2020-07-24;4.50;70.963;82.1893
2020-07-28;4.25;71.585;83.7759
2020-07-29;4.25;71.9196;84.261
2020-07-30;4.25;72.2348;84.912
2020-07-31;4.25;73.3633;86.2532
2020-08-04;4.25;74.1586;87.2253
2020-08-05;4.25;73.3806;86.5011
2020-08-06;4.25;73.2806;86.625
2020-08-07;4.25;73.0397;86.6178
2020-08-11;4.25;73.775;86.8258
2020-08-12;4.25;73.1522;85.9246
2020-08-13;4.25;73.2351;85.956
2020-08-14;4.25;73.6067;87.0399
2020-08-18;4.25;72.9676;86.4666
2020-08-19;4.25;73.4321;87.3401
2020-08-20;4.25;73.2392;87.4037
2020-08-21;4.25;73.7711;87.4261
2020-08-25;4.25;74.4184;87.903
2020-08-26;4.25;74.5126;88.059
2020-08-27;4.25;75.5379;89.2254
2020-08-28;4.25;75.2354;88.996
2020-09-01;4.25;73.8039;87.8266
2020-09-02;4.25;73.5849;88.1547
2020-09-03;4.25;73.8588;87.7369
2020-09-04;4.25;75.468;89.1353
2020-09-08;4.25;75.591;89.4771
2020-09-09;4.25;75.9645;89.7369
2020-09-10;4.25;76.0713;89.5663
2020-09-11;4.25;75.5274;89.3036
2020-09-15;4.25;74.7148;88.5819
2020-09-16;4.25;75.1884;89.3614
2020-09-17;4.25;74.9278;88.8644
2020-09-18;4.25;75.1941;88.6313
2020-09-22;4.25;76.0381;90.0063
2020-09-23;4.25;76.2711;89.4813
2020-09-24;4.25;76.3545;89.2508
2020-09-25;4.25;77.178;89.9818
2020-09-29;4.25;78.6713;91.479
2020-09-30;4.25;79.6845;93.0237
2020-10-01;4.25;78.7847;92.4302
2020-10-02;4.25;77.2774;90.7237
2020-10-06;4.25;78.1281;91.6599
2020-10-07;4.25;78.5119;92.5184
2020-10-08;4.25;78.0921;91.8129
2020-10-09;4.25;77.9157;91.699
2020-10-13;4.25;77.0239;91.0037
2020-10-14;4.25;77.2855;91.0732
2020-10-15;4.25;77.2759;90.7065
2020-10-16;4.25;77.9461;91.4542
2020-10-20;4.25;77.9241;91.3115
2020-10-21;4.25;77.778;91.5603
2020-10-22;4.25;77.0322;91.3448
2020-10-23;4.25;77.0809;91.3563
2020-10-27;4.25;76.4443;90.4489
2020-10-28;4.25;76.4556;90.3552
2020-10-29;4.25;77.552;91.2632
2020-10-30;4.25;78.8699;92.6011
2020-11-03;4.25;80.5749;93.757
2020-11-06;4.25;78.4559;92.1229
2020-11-10;4.25;76.9515;91.4953
2020-11-11;4.25;76.3978;90.3557
2020-11-12;4.25;76.2075;90.0468
2020-11-13;4.25;77.1148;90.8104
2020-11-17;4.25;76.9197;91.1729
2020-11-18;4.25;76.253;90.3903
2020-11-19;4.25;75.9268;90.2314
2020-11-20;4.25;76.2627;90.3484
2020-11-24;4.25;75.76;89.9347
2020-11-25;4.25;75.8146;89.8934
2020-11-26;4.25;75.4727;89.888
2020-11-27;4.25;75.4518;90.0291
2020-12-01;4.25;76.1999;91.2037
2020-12-02;4.25;76.3203;91.3096
2020-12-03;4.25;75.6151;91.3052
2020-12-04;4.25;75.1996;91.1946
2020-12-08;4.25;74.2506;89.9695
2020-12-09;4.25;73.6618;89.2044
2020-12-10;4.25;73.3057;88.9418
2020-12-11;4.25;73.7124;89.133
2020-12-15;4.25;72.9272;88.5847
2020-12-16;4.25;73.4453;89.1846
2020-12-17;4.25;73.4201;89.3229
2020-12-18;4.25;72.9781;89.2887
2020-12-22;4.25;74.6721;91.0029
2020-12-23;4.25;75.3498;92.0699
2020-12-24;4.25;75.4571;91.9822
2020-12-25;4.25;74.8392;91.3487
2020-12-29;4.25;73.7175;90.127
2020-12-30;4.25;73.6567;90.2074
2020-12-31;4.25;73.8757;90.6824
2021-01-12;4.25;74.5157;90.8123
2021-01-13;4.25;74.2663;90.3227
2021-01-14;4.25;73.5264;89.7831
2021-01-15;4.25;73.7961;89.6475
2021-01-19;4.25;73.9735;89.3304
2021-01-20;4.25;73.7243;89.2064
2021-01-21;4.25;73.355;89.1483
2021-01-22;4.25;73.3694;88.9677
2021-01-26;4.25;74.8569;91.1458
2021-01-27;4.25;75.6354;91.6701
2021-01-28;4.25;75.04;91.2186
2021-01-29;4.25;76.1854;92.131
2021-02-02;4.25;75.5053;91.5426
2021-02-03;4.25;75.9051;91.625
2021-02-04;4.25;76.0801;91.5624
2021-02-05;4.25;75.7293;90.9206
2021-02-09;4.25;74.2602;89.4019
2021-02-10;4.25;74.1192;89.5286
2021-02-11;4.25;73.8526;89.5684
2021-02-12;4.25;73.7579;89.4388
2021-02-16;4.25;73.3092;88.9754
2021-02-17;4.25;73.2895;88.9441
2021-02-18;4.25;73.7669;89.0809
2021-02-19;4.25;73.7755;88.87
2021-02-20;4.25;73.9717;89.5427
2021-02-25;4.25;73.7532;89.6691
2021-02-26;4.25;73.4747;89.4995
2021-03-02;4.25;74.0448;89.4461
2021-03-03;4.25;74.5755;89.5652
2021-03-04;4.25;73.5187;88.8768
2021-03-05;4.25;73.7864;88.9421
2021-03-10;4.25;74.264;88.1736
2021-03-11;4.25;74.0393;87.9587
2021-03-12;4.25;73.4996;87.7585
2021-03-16;4.25;73.2317;87.3508
2021-03-17;4.25;72.9619;86.9852
2021-03-18;4.25;73.1019;86.9693
2021-03-19;4.25;73.6582;88.1173
2021-03-23;4.50;74.6085;88.6573
2021-03-24;4.50;75.3585;89.767
2021-03-25;4.50;76.1535;90.0515
2021-03-26;4.50;76.1741;89.9768
2021-03-30;4.50;75.8287;89.349
2021-03-31;4.50;75.7023;88.8821
2021-04-01;4.50;75.6373;88.7452
2021-04-02;4.50;75.8073;88.9523
2021-04-06;4.50;76.6052;89.9958
2021-04-07;4.50;76.3802;90.1821
2021-04-08;4.50;77.773;92.3321
2021-04-09;4.50;77.1011;91.6192
2021-04-13;4.50;77.5104;92.0669
2021-04-14;4.50;77.2535;91.9162
2021-04-15;4.50;75.6826;90.5391
2021-04-16;4.50;76.9808;92.2307
2021-04-20;4.50;76.2491;91.476
2021-04-21;4.50;76.0155;91.7507
2021-04-22;4.50;76.8198;92.2913
2021-04-23;4.50;76.4217;92.0423
2021-04-27;5.00;74.768;90.4468
2021-04-28;5.00;74.9578;90.4666
2021-04-29;5.00;74.939;90.4289
2021-04-30;5.00;74.3823;90.1513
2021-05-05;5.00;75.2567;90.451
2021-05-06;5.00;74.8617;89.7742
2021-05-07;5.00;74.577;89.6788
2021-05-12;5.00;74.1567;90.004
2021-05-13;5.00;74.04;89.8475
2021-05-14;5.00;74.3566;89.9343
2021-05-18;5.00;73.8537;89.6584
2021-05-19;5.00;73.6992;89.9057
2021-05-20;5.00;73.6778;90.1006
2021-05-21;5.00;73.6007;89.7708
2021-05-25;5.00;73.5266;89.6877
2021-05-26;5.00;73.3963;89.9545
2021-05-27;5.00;73.4737;89.9392
2021-05-28;5.00;73.458;89.6555
2021-06-01;5.00;73.2965;89.3778
2021-06-02;5.00;73.2411;89.5958
2021-06-03;5.00;73.4979;89.6895
2021-06-04;5.00;73.2636;89.2644
2021-06-08;5.00;72.9294;88.653
2021-06-09;5.00;72.8256;88.6433
2021-06-10;5.00;72.0829;87.8114
2021-06-11;5.00;72.1974;87.8065
2021-06-16;5.50;71.8318;87.211
2021-06-17;5.50;72.0323;87.3536
2021-06-18;5.50;72.5048;86.7012
2021-06-22;5.50;73.1987;86.8942
2021-06-23;5.50;73.1661;87.0677
2021-06-24;5.50;72.6671;86.7137
2021-06-25;5.50;72.326;86.3283
2021-06-29;5.50;72.1777;86.1657
2021-06-30;5.50;72.3723;86.2026
2021-07-01;5.50;72.7234;86.5118
2021-07-02;5.50;72.9086;86.4113
2021-07-06;5.50;73.354;87.0272
2021-07-07;5.50;73.266;87.0034
2021-07-08;5.50;74.058;87.5588
2021-07-09;5.50;75.1952;88.7755
2021-07-13;5.50;74.6336;88.605
2021-07-14;5.50;74.0589;87.782
2021-07-15;5.50;74.1236;87.3917
2021-07-16;5.50;74.2197;87.8316
2021-07-20;5.50;74.3463;87.6097
2021-07-21;5.50;74.491;87.7727
2021-07-22;5.50;74.4947;87.5983
2021-07-23;5.50;73.6945;86.9227
2021-07-27;6.50;74.098;87.3171
2021-07-28;6.50;73.8471;86.9919
2021-07-29;6.50;73.6088;86.9173
2021-07-30;6.50;73.1904;86.8624
2021-08-03;6.50;73.0156;86.7717
2021-08-04;6.50;72.8724;86.5578
2021-08-05;6.50;72.7857;86.4112
2021-08-06;6.50;73.168;86.6529
2021-08-10;6.50;73.5078;86.4378
2021-08-11;6.50;73.5962;86.3578
2021-08-12;6.50;73.9695;86.6257
2021-08-13;6.50;73.5671;86.3457
2021-08-17;6.50;73.392;86.5072
2021-08-18;6.50;73.4753;86.4804
2021-08-19;6.50;73.4633;86.121
2021-08-20;6.50;74.1503;86.615
2021-08-24;6.50;74.0666;86.7838
2021-08-25;6.50;73.9465;86.8058
2021-08-26;6.50;73.7428;86.5814
2021-08-27;6.50;73.9908;87.0576
2021-08-31;6.50;73.5744;86.8104
2021-09-01;6.50;73.2781;86.666
2021-09-02;6.50;73.1912;86.3949
2021-09-03;6.50;72.8491;86.297
2021-09-07;6.50;72.9538;86.5743
2021-09-08;6.50;73.1909;86.8922
2021-09-09;6.50;73.4421;86.9114
2021-09-10;6.50;73.129;86.4677
2021-09-14;6.75;73.0841;86.115
2021-09-15;6.75;72.7171;85.988
2021-09-16;6.75;72.852;86.0674
2021-09-17;6.75;72.4329;85.3622
2021-09-21;6.75;73.3315;85.8785
2021-09-22;6.75;73.2067;85.8568
2021-09-23;6.75;72.8806;85.4889
2021-09-24;6.75;72.7245;85.204
2021-09-28;6.75;72.6613;85.0355
2021-09-29;6.75;72.5083;84.6752
2021-09-30;6.75;72.7608;84.8755
2021-10-01;6.75;72.6642;84.305
2021-10-05;6.75;72.9239;84.6355
2021-10-06;6.75;72.5686;84.1723
2021-10-07;6.75;72.5682;83.9251
2021-10-08;6.75;72.2854;83.6053
2021-10-12;6.75;71.6373;82.9273
2021-10-13;6.75;71.8801;83.0934
2021-10-14;6.75;71.8577;83.0028
2021-10-15;6.75;71.7846;83.3347
2021-10-19;6.75;71.1714;82.4592
2021-10-20;6.75;70.9674;82.6841
2021-10-21;6.75;71.0555;82.6162
2021-10-22;6.75;70.9904;82.6399
2021-10-26;7.50;70.1345;81.7418
2021-10-27;7.50;69.5526;80.7019
2021-10-28;7.50;69.8104;81.0289
2021-10-29;7.50;70.5207;81.8393
2021-11-02;7.50;71.0863;82.1687
2021-11-03;7.50;71.4783;82.9577
2021-11-09;7.50;71.3975;82.5355
2021-11-10;7.50;71.2866;82.6497
2021-11-11;7.50;70.695;81.787
2021-11-12;7.50;71.1964;81.6552
2021-11-16;7.50;72.2724;82.7736
2021-11-17;7.50;72.5553;82.5244
2021-11-18;7.50;72.8228;82.3553
2021-11-19;7.50;72.6022;82.2583
2021-11-23;7.50;73.4506;82.7715
2021-11-24;7.50;74.8327;84.1718
2021-11-25;7.50;74.3726;83.6394
2021-11-26;7.50;74.6004;83.6793
2021-11-30;7.50;74.9818;84.482
2021-12-01;7.50;74.8926;84.8234
2021-12-02;7.50;73.9746;83.8354
2021-12-03;7.50;74.0637;83.8105
2021-12-07;7.50;73.6694;83.1138
2021-12-08;7.50;74.1399;83.7114
2021-12-09;7.50;73.8453;83.364
2021-12-10;7.50;73.5998;83.3444
2021-12-14;7.50;73.4107;82.866
2021-12-15;7.50;73.4698;82.8299
2021-12-16;7.50;73.851;83.2375
2021-12-17;7.50;73.5708;83.1571
2021-12-21;8.50;74.2947;83.6187
2021-12-22;8.50;73.8206;83.3213
2021-12-23;8.50;73.7901;83.1541
2021-12-24;8.50;73.3583;83.1223
2021-12-28;8.50;73.2329;82.9363
2021-12-29;8.50;73.4959;83.2194
2021-12-30;8.50;73.6514;83.204
2022-01-11;8.50;75.1315;85.1315
2022-01-12;8.50;74.8355;84.8784
2022-01-13;8.50;74.5277;84.6709
2022-01-14;8.50;74.5686;85.4556
2022-01-18;8.50;76.0404;86.8609
2022-01-19;8.50;76.3347;87.0216
2022-01-20;8.50;76.8697;87.1318
2022-01-21;8.50;76.4408;86.8215
2022-01-25;8.50;77.3649;87.5925
2022-01-26;8.50;78.6422;88.9286
2022-01-27;8.50;78.9437;89.1511
2022-01-28;8.50;78.947;88.468
2022-02-01;8.50;77.4702;86.5032
2022-02-02;8.50;77.1302;86.7869
2022-02-03;8.50;76.4849;86.2826
2022-02-04;8.50;76.6501;86.561
2022-02-08;8.50;75.6806;86.5181
2022-02-09;8.50;75.3042;85.892
2022-02-10;8.50;74.8015;85.3784
2022-02-11;8.50;74.7241;85.3798
2022-02-15;9.50;76.5762;86.8451
2022-02-16;9.50;76.166;86.2656
2022-02-17;9.50;75.0141;85.306
2022-02-18;9.50;75.7527;86.1308
2022-02-22;9.50;76.7671;87.3379
2022-02-23;9.50;80.4194;90.882
2022-02-25;9.50;86.9288;97.7688
2022-03-01;20.00;93.5589;104.4772
2022-03-02;20.00;91.7457;102.9112
2022-03-03;20.00;103.2487;114.5544
2022-03-04;20.00;111.7564;124.0161
2022-03-05;20.00;105.8124;116.5312
2022-03-10;20.00;116.0847;126.4395
2022-03-11;20.00;120.3785;132.9581
2022-03-15;20.00;115.1963;127.2343
2022-03-16;20.00;111.4823;122.4522
2022-03-17;20.00;108.0521;118.7601
2022-03-18;20.00;104.8012;115.9311
2022-03-22;20.00;104.6819;115.6002
2022-03-23;20.00;104.0741;114.7833
2022-03-24;20.00;103.1618;113.2613
2022-03-25;20.00;96.0458;105.4679
2022-03-29;20.00;93.7125;102.6714
2022-03-30;20.00;86.2843;96.0085
2022-03-31;20.00;84.0851;93.696
2022-04-01;20.00;83.4097;92.493
2022-04-05;20.00;83.5932;92.3872
2022-04-06;20.00;83.352;91.7289
2022-04-07;20.00;82.5962;90.5998
2022-04-08;20.00;76.2547;83.293
2022-04-12;17.00;79.1596;85.9752
2022-04-13;17.00;79.6274;86.7939
2022-04-14;17.00;79.8471;86.7219
2022-04-15;17.00;81.288;88.0024
2022-04-19;17.00;79.4529;86.4289
2022-04-20;17.00;79.0287;85.9674
2022-04-21;17.00;77.0809;83.2705
2022-04-22;17.00;74.999;81.2239
2022-04-26;17.00;73.3611;77.4651
2022-04-27;17.00;72.7089;76.667
2022-04-28;17.00;72.8764;75.9224
2022-04-29;17.00;72.2953;75.3117
2022-05-05;14.00;69.416;72.7815
2022-05-06;14.00;66.2378;70.0662
2022-05-12;14.00;68.8389;72.6314
2022-05-13;14.00;65.7916;68.7835
2022-05-17;14.00;63.4445;65.8166
2022-05-18;14.00;63.5428;66.3644
2022-05-19;14.00;63.5643;66.6135
2022-05-20;14.00;62.4031;64.9358
2022-05-24;14.00;58.2087;60.3851
2022-05-25;14.00;56.969;58.8705
2022-05-26;14.00;56.2996;57.921
2022-05-27;11.00;62.0495;64.4392
2022-05-31;11.00;63.0975;64.717
2022-06-01;11.00;61.6069;62.7397
2022-06-02;11.00;61.4733;63.6629
2022-06-03;11.00;61.575;64.9053
2022-06-07;11.00;61.1094;64.8669
2022-06-08;11.00;60.9565;64.5699
2022-06-09;11.00;60.2282;63.938
2022-06-10;11.00;58.3895;62.0934
2022-06-15;9.50;57.0926;59.2481
2022-06-16;9.50;56.6624;59.1204
2022-06-17;9.50;56.8691;58.9568
2022-06-21;9.50;56.1727;58.8003
2022-06-22;9.50;54.7081;57.4566
2022-06-23;9.50;53.2788;55.8307
2022-06-24;9.50;53.3578;55.9886
2022-06-28;9.50;53.3641;56.0535
2022-06-29;9.50;52.9699;55.8886
2022-06-30;9.50;51.158;53.858
2022-07-01;9.50;52.5123;54.6405
2022-07-05;9.50;55.0858;57.1836
2022-07-06;9.50;58.5118;60.1618
2022-07-07;9.50;62.911;64.326
2022-07-08;9.50;63.1427;64.1349
2022-07-12;9.50;61.3045;61.8056
2022-07-13;9.50;58.8541;58.7643
2022-07-14;9.50;58.5322;58.9002
2022-07-15;9.50;58.2568;58.3432
2022-07-19;9.50;56.5616;57.1526
2022-07-20;9.50;55.437;56.4463
2022-07-21;9.50;54.8491;55.826
2022-07-22;9.50;56.4783;57.1133
2022-07-26;8.00;57.7821;58.6741
2022-07-27;8.00;58.6605;59.4068
2022-07-28;8.00;60.2198;61.0032
2022-07-29;8.00;60.2031;61.2171
2022-08-02;8.00;62.0506;63.2468
2022-08-03;8.00;60.1595;61.2656
2022-08-04;8.00;60.2374;61.1243
2022-08-05;8.00;60.258;61.0872
2022-08-09;8.00;60.3164;61.1615
2022-08-10;8.00;60.3814;61.5542
2022-08-11;8.00;60.4542;61.704
2022-08-12;8.00;60.6229;62.5156
2022-08-16;8.00;61.3747;62.5056
2022-08-17;8.00;61.4247;62.3551
2022-08-18;8.00;60.7552;61.8322
2022-08-19;8.00;59.957;60.8957
2022-08-23;8.00;59.7419;59.5344
2022-08-24;8.00;59.8963;59.3304
2022-08-25;8.00;59.9974;59.5082
2022-08-26;8.00;59.7699;59.5983
2022-08-30;8.00;60.3636;59.9608
2022-08-31;8.00;60.3677;60.5752
2022-09-01;8.00;60.2386;60.2141
2022-09-02;8.00;60.237;60.2842
2022-09-06;8.00;60.9033;60.1408
2022-09-07;8.00;60.8544;60.4929
2022-09-08;8.00;61.1814;60.5458
2022-09-09;8.00;60.801;60.6952
2022-09-13;8.00;60.4568;61.3127
2022-09-14;8.00;60.0676;60.9364
2022-09-15;8.00;59.7751;59.8368
2022-09-16;8.00;59.6663;59.6196
2022-09-20;7.50;60.1662;60.0426
2022-09-21;7.50;60.0158;60.0507
2022-09-22;7.50;60.8685;60.211
2022-09-23;7.50;59.8318;58.9388
2022-09-27;7.50;57.999;55.9278
2022-09-28;7.50;58.1756;55.9953
2022-09-29;7.50;58.4485;55.7232
2022-09-30;7.50;57.413;55.4064
2022-10-04;7.50;57.5664;54.3947
2022-10-05;7.50;58.7913;56.1725
2022-10-06;7.50;59.4043;58.0613
2022-10-07;7.50;60.2534;58.2392
2022-10-11;7.50;62.3126;60.8019
2022-10-12;7.50;63.684;62.3481
2022-10-13;7.50;63.7559;62.5867
2022-10-14;7.50;63.4917;62.5903
2022-10-18;7.50;61.7634;60.5608
2022-10-19;7.50;61.7032;60.53
2022-10-20;7.50;61.5905;60.1086
2022-10-21;7.50;61.5018;60.4371
2022-10-25;7.50;61.1629;60.1575
2022-10-26;7.50;61.3326;60.4648
2022-10-27;7.50;61.4277;61.5682
2022-10-28;7.50;61.3589;61.5718
2022-11-01;7.50;61.6229;61.1196
2022-11-02;7.50;61.4275;60.9668
2022-11-03;7.50;61.6175;60.9216
2022-11-08;7.50;61.2367;60.9013
2022-11-09;7.50;60.9774;60.8231
2022-11-10;7.50;61.0611;61.2445
2022-11-11;7.50;61.2434;61.0037
2022-11-15;7.50;60.3982;62.1554
2022-11-16;7.50;60.3116;62.6297
2022-11-17;7.50;60.3484;62.6675
2022-11-18;7.50;60.3894;62.5712
2022-11-22;7.50;60.7379;62.1245
2022-11-23;7.50;60.6566;62.1774
2022-11-24;7.50;60.5043;62.285
2022-11-25;7.50;60.3866;62.7814
2022-11-29;7.50;60.752;63.3008
2022-11-30;7.50;61.0742;63.3882
2022-12-01;7.50;60.8803;63.0504
2022-12-02;7.50;61.1479;63.8279
2022-12-06;7.50;62.1849;65.5205
2022-12-07;7.50;62.9103;66.1087
2022-12-08;7.50;62.9372;65.8966
2022-12-09;7.50;62.5722;65.6762
2022-12-13;7.50;62.7674;66.27
2022-12-14;7.50;63.212;66.7017
2022-12-15;7.50;63.359;67.4478
2022-12-16;7.50;64.3015;68.447
2022-12-20;7.50;66.3474;70.6196
2022-12-21;7.50;69.0037;73.3389
2022-12-22;7.50;70.5256;75.0914
2022-12-23;7.50;72.1306;76.6446
2022-12-27;7.50;68.4487;72.6226
2022-12-28;7.50;69.9346;74.1829
2022-12-29;7.50;71.3261;75.66
2022-12-30;7.50;71.9778;76.0765
2023-01-10;7.50;70.3002;75.0785
2023-01-11;7.50;69.6094;74.5438
2023-01-12;7.50;69.0202;74.1361
2023-01-13;7.50;67.7775;72.7908
2023-01-17;7.50;68.2892;73.8298
2023-01-18;7.50;68.6644;74.2646
2023-01-19;7.50;68.8728;74.5882
2023-01-20;7.50;68.8467;74.4058
2023-01-24;7.50;68.6288;74.7307
2023-01-25;7.50;68.7529;74.6948
2023-01-26;7.50;68.9573;74.9564
2023-01-27;7.50;69.1263;75.3348
2023-01-31;7.50;69.5927;75.7799
2023-02-01;7.50;70.5174;76.3004
2023-02-02;7.50;70.1217;76.2245
2023-02-03;7.50;70.0414;76.9564
2023-02-07;7.50;70.5991;76.0347
2023-02-08;7.50;70.8924;75.9087
2023-02-09;7.50;71.5763;76.8344
2023-02-10;7.50;72.8949;78.3223
2023-02-14;7.50;73.6307;78.671
2023-02-15;7.50;73.8645;79.3355
2023-02-16;7.50;74.2077;79.5654
2023-02-17;7.50;74.7638;79.9764
2023-02-21;7.50;74.0432;79.133
2023-02-22;7.50;74.8596;79.7588
2023-02-28;7.50;75.4323;79.623
2023-03-01;7.50;74.8932;79.5134
2023-03-02;7.50;75.2513;80.1008
2023-03-03;7.50;75.4729;80.1897
2023-03-07;7.50;75.4728;80.2353
2023-03-10;7.50;75.9028;80.1372
2023-03-14;7.50;75.4609;80.6102
2023-03-15;7.50;75.1927;80.5192
2023-03-16;7.50;75.7457;80.8763
2023-03-17;7.50;76.4095;81.1418
2023-03-21;7.50;77.2422;82.3736
2023-03-22;7.50;76.8373;82.5428
2023-03-23;7.50;76.9561;82.967
2023-03-24;7.50;76.3072;83.1452
2023-03-28;7.50;76.5662;82.2913
2023-03-29;7.50;76.5939;82.775
2023-03-30;7.50;76.9781;83.4859
2023-03-31;7.50;77.0863;83.7639
2023-04-04;7.50;77.951;84.6185
2023-04-05;7.50;79.3563;86.7207
2023-04-06;7.50;79.4961;87.0954
2023-04-07;7.50;80.6713;88.1294
2023-04-11;7.50;81.7441;89.1737
2023-04-12;7.50;82.1799;89.7271
2023-04-13;7.50;82.0934;89.7599
2023-04-14;7.50;81.6758;90.0035
2023-04-18;7.50;81.6279;89.659
2023-04-19;7.50;81.6028;89.5713
2023-04-20;7.50;81.6549;89.3736
2023-04-21;7.50;81.6188;89.4638
2023-04-25;7.50;81.2745;89.4589
2023-04-26;7.50;81.5499;90.0332
2023-04-27;7.50;81.6274;90.1436
2023-04-28;7.50;81.5601;90.2023
2023-05-03;7.50;79.9609;87.6556
2023-05-04;7.50;79.3071;87.575
2023-05-05;7.50;78.6139;86.9986
2023-05-11;7.50;76.6929;84.1498
2023-05-12;7.50;75.8846;82.8877
2023-05-16;7.50;79.1004;86.0862
2023-05-17;7.50;79.9798;87.1619
2023-05-18;7.50;80.7642;87.5749
2023-05-19;7.50;80.0366;86.4964
2023-05-23;7.50;79.9379;86.4963
2023-05-24;7.50;80.1665;86.5502
2023-05-25;7.50;79.9669;86.1995
2023-05-26;7.50;79.9841;85.8767
2023-05-30;7.50;80.0555;85.9013
2023-05-31;7.50;80.6872;86.5119
2023-06-01;7.50;80.9942;86.5009
2023-06-02;7.50;80.9657;86.5764
2023-06-06;7.50;81.3294;87.0318
2023-06-07;7.50;81.2502;86.9519
2023-06-08;7.50;81.4581;87.1651
2023-06-09;7.50;82.093;88.0379
2023-06-14;7.50;83.6405;90.3899
2023-06-15;7.50;84.3249;91.0668
2023-06-16;7.50;83.9611;90.9665
2023-06-20;7.50;83.9866;91.7966
2023-06-21;7.50;84.2336;92.0745
2023-06-22;7.50;84.2467;92.0014
2023-06-23;7.50;83.6077;91.943
2023-06-27;7.50;84.6642;92.2969
2023-06-28;7.50;85.0504;93.1373
2023-06-29;7.50;85.6192;93.8644
2023-06-30;7.50;87.0341;95.1052
2023-07-04;7.50;89.3255;97.2582
2023-07-05;7.50;89.545;97.7382
2023-07-06;7.50;90.338;98.4144
2023-07-07;7.50;92.5695;100.7163
2023-07-11;7.50;91.4931;100.4155
2023-07-12;7.50;90.5045;99.6775
2023-07-13;7.50;90.6253;99.889
2023-07-14;7.50;90.1757;100.6788
2023-07-18;7.50;90.4217;101.6496
2023-07-19;7.50;90.6906;102.0271
2023-07-20;7.50;91.2046;102.4441
2023-07-21;7.50;90.8545;101.833
2023-07-25;8.50;90.489;100.3614
2023-07-26;8.50;90.0945;99.6918
2023-07-27;8.50;90.0468;99.7156
2023-07-28;8.50;90.0225;100.2173
2023-08-01;8.50;91.5923;100.9428
2023-08-02;8.50;91.7755;100.6988
2023-08-03;8.50;92.841;101.9268
2023-08-04;8.50;93.7792;102.531
2023-08-08;8.50;96.5668;106.0543
2023-08-09;8.50;96.0755;105.4352
2023-08-10;8.50;97.3999;106.8897
2023-08-11;8.50;97.2794;107.1563
2023-08-15;12.00;101.0399;110.6847
2023-08-16;12.00;97.4217;106.5736
2023-08-17;12.00;96.7045;105.6591
2023-08-18;12.00;93.746;102.181
2023-08-22;12.00;94.1424;102.5719
2023-08-23;12.00;94.1185;102.753
2023-08-24;12.00;94.4421;102.2452
2023-08-25;12.00;94.4007;102.4719
2023-08-29;12.00;95.4717;103.2434
2023-08-30;12.00;95.707;103.4765
2023-08-31;12.00;95.9283;104.4496
2023-09-01;12.00;96.3344;104.9407
2023-09-05;12.00;96.6199;104.4171
2023-09-06;12.00;97.5383;104.9043
2023-09-07;12.00;97.8439;105.0789
2023-09-08;12.00;98.1961;105.2776
2023-09-12;12.00;96.5083;103.5332
2023-09-13;12.00;94.7035;101.5646
2023-09-14;12.00;95.9794;103.1066
2023-09-15;12.00;96.1609;103.2289
2023-09-19;13.00;96.6472;103.0945
2023-09-20;13.00;96.2236;102.9211
2023-09-21;13.00;96.6172;103.3699
2023-09-22;13.00;96.0762;102.3606
2023-09-26;13.00;96.1456;102.2453
2023-09-27;13.00;96.2378;101.9888
2023-09-28;13.00;96.5;101.978
2023-09-29;13.00;97.0018;102.0979
2023-10-03;13.00;98.4785;103.868
2023-10-04;13.00;99.2677;104.0621
2023-10-05;13.00;99.4555;104.3024
2023-10-06;13.00;99.6762;104.7877
2023-10-10;13.00;101.3598;107.0322
2023-10-11;13.00;99.9349;105.6864
2023-10-12;13.00;99.9808;105.9544
2023-10-13;13.00;96.9948;103.035
2023-10-17;13.00;97.2865;102.52
2023-10-18;13.00;97.3458;102.7527
2023-10-19;13.00;97.3724;102.9059
2023-10-20;13.00;97.3074;102.6255
2023-10-24;13.00;94.7081;100.303
2023-10-25;13.00;93.5224;99.5534
2023-10-26;13.00;93.1507;98.6543
2023-10-27;13.00;93.5616;98.7376
2023-10-31;15.00;93.2435;98.6164
2023-11-01;15.00;92.0226;97.9345
2023-11-02;15.00;93.2801;98.4365
2023-11-03;15.00;93.173;98.9995
2023-11-08;15.00;92.4151;98.7863
2023-11-09;15.00;92.1973;98.4403
2023-11-10;15.00;91.9266;98.4076
2023-11-14;15.00;92.1185;98.5314
2023-11-15;15.00;91.257;97.7781
2023-11-16;15.00;89.4565;97.1334
2023-11-17;15.00;88.9466;96.5921
2023-11-21;15.00;88.4954;96.6597
2023-11-22;15.00;87.8701;96.2561
2023-11-23;15.00;88.1648;96.1475
2023-11-24;15.00;88.1206;96.2273
2023-11-28;15.00;88.7045;97.1594
2023-11-29;15.00;88.6102;97.0659
2023-11-30;15.00;88.8841;97.6503
2023-12-01;15.00;88.5819;96.8827
2023-12-05;15.00;90.6728;98.5768
2023-12-06;15.00;91.5823;99.134
2023-12-07;15.00;92.7826;100.1353
2023-12-08;15.00;92.5654;99.8131
2023-12-12;15.00;90.9846;98.0769
2023-12-13;15.00;90.2158;97.403
2023-12-14;15.00;89.8926;96.95
2023-12-15;15.00;89.6741;97.7377
2023-12-19;16.00;90.4162;98.7578
2023-12-20;16.00;90.087;98.5764
2023-12-21;16.00;90.4056;99.048
2023-12-22;16.00;91.7062;100.5113
2023-12-26;16.00;91.969;101.5781
2023-12-27;16.00;91.7069;101.1178
2023-12-28;16.00;91.7051;101.3451
2023-12-29;16.00;90.3041;100.5506
2024-01-10;16.00;90.404;98.9825
2024-01-11;16.00;89.3939;97.8745
2024-01-12;16.00;88.7818;97.5401
2024-01-16;16.00;87.6772;96.0682
2024-01-17;16.00;87.6457;95.6007
2024-01-18;16.00;88.354;96.0531
2024-01-19;16.00;88.661;96.5882
2024-01-23;16.00;87.9724;95.8854
2024-01-24;16.00;87.9199;95.8266
2024-01-25;16.00;88.2829;96.1657
2024-01-26;16.00;88.6562;96.6365
2024-01-30;16.00;89.609;96.9777
2024-01-31;16.00;89.2887;96.7895
2024-02-01;16.00;89.6678;97.1149
2024-02-02;16.00;90.2299;97.4009
2024-02-06;16.00;91.2434;98.2279
2024-02-07;16.00;90.6842;97.444
2024-02-08;16.00;91.1514;98.0936
2024-02-09;16.00;91.2561;98.3543
2024-02-13;16.00;91.0758;98.1512
2024-02-14;16.00;91.2057;98.1917
2024-02-15;16.00;91.4316;97.8133
2024-02-16;16.00;91.8237;98.4099
2024-02-20;16.00;92.4102;99.4889
2024-02-21;16.00;92.349;99.5589
2024-02-22;16.00;92.4387;99.8968
2024-02-27;16.00;92.6321;100.1776
2024-02-28;16.00;92.0425;99.9214
2024-02-29;16.00;91.8692;99.45
2024-03-01;16.00;90.8423;98.5447
